Date,Bitcoin,Ethereum,Total
2018-06-25,431947.0,364086.0,372.0
2018-06-26,415627.0,259678.0,507.0
2018-06-27,410763.0,248747.0,510.0
2018-06-28,381017.0,240925.0,432.0
2018-06-29,377532.0,255961.0,344.0
2018-06-30,409032.0,145895.0,401.0
2018-07-01,325781.0,101149.0,385.0
2018-07-02,441685.0,120908.0,485.0
2018-07-03,450637.0,128040.0,470.0
2018-07-04,407558.0,122005.0,558.0
2018-07-05,360862.0,147430.0,712.0
2018-07-06,371023.0,117265.0,678.0
2018-07-07,302084.0,121033.0,434.0
2018-07-08,320919.0,161242.0,478.0
2018-07-09,434896.0,174285.0,628.0
2018-07-10,465784.0,181887.0,1932.0
2018-07-11,429987.0,169939.0,1913.0
2018-07-12,769318.0,146999.0,1797.0
2018-07-13,714557.0,131623.0,1805.0
2018-07-14,641167.0,131279.0,2080.0
2018-07-15,359068.0,128374.0,2418.0
2018-07-16,392812.0,214831.0,2923.0
2018-07-17,491303.0,222226.0,3051.0
2018-07-18,568857.0,285212.0,3195.0
2018-07-19,448567.0,242792.0,2958.0
2018-07-20,434717.0,209967.0,2753.0
2018-07-21,340038.0,174556.0,2391.0
2018-07-22,286676.0,223774.0,2347.0
2018-07-23,516905.0,277634.0,2800.0
2018-07-24,487640.0,295109.0,4029.0
2018-07-25,544073.0,289843.0,3892.0
2018-07-26,428312.0,249174.0,3942.0
2018-07-27,469268.0,278579.0,3664.0
2018-07-28,385622.0,220773.0,3431.0
2018-07-29,304494.0,233688.0,3677.0
2018-07-30,430412.0,246556.0,4251.0
2018-07-31,483307.0,240643.0,4058.0
2018-08-01,486920.0,250941.0,8186.0
2018-08-02,432924.0,244596.0,10100.0
2018-08-03,439317.0,267850.0,11341.0
2018-08-04,349191.0,232258.0,11314.0
2018-08-05,317710.0,209861.0,11537.0
2018-08-06,449928.0,226804.0,12150.0
2018-08-07,509038.0,207883.0,12228.0
2018-08-08,434073.0,179450.0,12423.0
2018-08-09,429968.0,160350.0,12976.0
2018-08-10,448859.0,197013.0,13096.0
2018-08-11,364032.0,226461.0,12720.0
2018-08-12,315353.0,229482.0,13448.0
2018-08-13,415707.0,230387.0,14020.0
2018-08-14,440687.0,216804.0,14695.0
2018-08-15,440625.0,212336.0,15620.0
2018-08-16,417161.0,239697.0,15822.0
2018-08-17,445792.0,210977.0,18026.0
2018-08-18,331778.0,201155.0,20389.0
2018-08-19,323813.0,195979.0,21701.0
2018-08-20,435489.0,218981.0,23750.0
2018-08-21,393476.0,180665.0,23069.0
2018-08-22,430355.0,191562.0,26489.0
2018-08-23,376473.0,181063.0,14222.0
2018-08-24,425336.0,205687.0,4757.0
2018-08-25,375177.0,195522.0,4776.0
2018-08-26,347643.0,207458.0,4725.0
2018-08-27,467964.0,221077.0,39342.0
2018-08-28,467628.0,193343.0,42827.0
2018-08-29,458602.0,168048.0,44669.0
2018-08-30,430176.0,173740.0,43288.0
2018-08-31,449701.0,182976.0,43815.0
2018-09-01,393100.0,206954.0,43949.0
2018-09-02,322212.0,214406.0,44276.0
2018-09-03,423033.0,216068.0,44656.0
2018-09-04,434868.0,201668.0,44184.0
2018-09-05,453706.0,203960.0,43858.0
2018-09-06,465929.0,184030.0,44866.0
2018-09-07,457377.0,194402.0,43864.0
2018-09-08,375185.0,188353.0,44620.0
2018-09-09,339924.0,188580.0,44359.0
2018-09-10,422828.0,181468.0,44778.0
2018-09-11,453919.0,159230.0,45554.0
2018-09-12,415535.0,162738.0,44657.0
2018-09-13,429149.0,172805.0,45039.0
2018-09-14,427227.0,156452.0,45062.0
2018-09-15,379503.0,126183.0,44438.0
2018-09-16,307107.0,124466.0,44791.0
2018-09-17,418787.0,162129.0,44423.0
2018-09-18,440266.0,140582.0,44213.0
2018-09-19,438993.0,133282.0,44185.0
2018-09-20,435590.0,144025.0,58942.0
2018-09-21,499375.0,154063.0,46302.0
2018-09-22,384825.0,134941.0,46065.0
2018-09-23,331443.0,138800.0,46150.0
2018-09-24,411927.0,135192.0,46734.0
2018-09-25,442376.0,143456.0,45750.0
2018-09-26,430660.0,128425.0,46115.0
2018-09-27,438622.0,132917.0,43824.0
2018-09-28,451648.0,130815.0,46907.0
2018-09-29,365891.0,116776.0,45945.0
2018-09-30,345266.0,147777.0,46775.0
2018-10-01,466936.0,127886.0,46617.0
2018-10-02,475392.0,124836.0,46571.0
2018-10-03,409317.0,174208.0,46443.0
2018-10-04,407555.0,172752.0,46360.0
2018-10-05,439982.0,196117.0,46043.0
2018-10-06,392322.0,197872.0,46355.0
2018-10-07,425503.0,151321.0,47258.0
2018-10-08,449059.0,162972.0,48665.0
2018-10-09,423535.0,173628.0,25188.0
2018-10-10,434221.0,155039.0,7820.0
2018-10-11,486257.0,172638.0,5712.0
2018-10-12,488756.0,163438.0,42606.0
2018-10-13,403119.0,168784.0,46798.0
2018-10-14,362398.0,149954.0,47157.0
2018-10-15,495132.0,172446.0,48831.0
2018-10-16,480346.0,181098.0,23732.0
2018-10-17,478737.0,195317.0,40431.0
2018-10-18,461645.0,173556.0,48477.0
2018-10-19,480531.0,176258.0,48296.0
2018-10-20,418538.0,164447.0,47500.0
2018-10-21,377562.0,157379.0,46989.0
2018-10-22,472830.0,188568.0,52443.0
2018-10-23,469371.0,177102.0,67278.0
2018-10-24,426596.0,176690.0,65434.0
2018-10-25,456869.0,170782.0,65073.0
2018-10-26,481510.0,177178.0,64680.0
2018-10-27,408222.0,162542.0,48238.0
2018-10-28,382089.0,143324.0,8877.0
2018-10-29,484873.0,191250.0,9771.0
2018-10-30,487178.0,197735.0,9651.0
2018-10-31,491499.0,187035.0,8889.0
2018-11-01,479726.0,170110.0,8293.0
2018-11-02,523963.0,145790.0,9278.0
2018-11-03,455596.0,141922.0,9102.0
2018-11-04,441929.0,149906.0,9620.0
2018-11-05,482793.0,170711.0,9761.0
2018-11-06,463001.0,164919.0,8658.0
2018-11-07,479823.0,144983.0,8752.0
2018-11-08,486354.0,145852.0,9451.0
2018-11-09,473978.0,168618.0,10149.0
2018-11-10,402068.0,151734.0,9200.0
2018-11-11,398879.0,173818.0,9759.0
2018-11-12,453524.0,168669.0,10557.0
2018-11-13,427037.0,158500.0,12207.0
2018-11-14,476711.0,170450.0,12312.0
2018-11-15,482449.0,162090.0,13260.0
2018-11-16,469443.0,152085.0,14827.0
2018-11-17,396358.0,137481.0,12901.0
2018-11-18,358070.0,133253.0,14183.0
2018-11-19,446774.0,205960.0,16010.0
2018-11-20,522071.0,179397.0,14237.0
2018-11-21,409709.0,153131.0,13685.0
2018-11-22,456941.0,150609.0,16105.0
2018-11-23,423599.0,152119.0,11525.0
2018-11-24,404285.0,133130.0,10444.0
2018-11-25,388571.0,148021.0,11925.0
2018-11-26,427229.0,154754.0,11840.0
2018-11-27,441352.0,148046.0,13023.0
2018-11-28,407108.0,154487.0,14348.0
2018-11-29,412039.0,140660.0,13216.0
2018-11-30,393268.0,156517.0,22443.0
2018-12-01,406447.0,133304.0,14871.0
2018-12-02,354483.0,133523.0,15910.0
2018-12-03,391380.0,144229.0,14535.0
2018-12-04,482202.0,137196.0,13941.0
2018-12-05,418284.0,157447.0,16606.0
2018-12-06,454423.0,149831.0,13977.0
2018-12-07,456640.0,166867.0,12946.0
2018-12-08,372217.0,185191.0,13822.0
2018-12-09,358189.0,154150.0,13551.0
2018-12-10,422881.0,159229.0,15875.0
2018-12-11,436192.0,146837.0,16087.0
2018-12-12,439175.0,152520.0,15206.0
2018-12-13,453053.0,149508.0,17617.0
2018-12-14,506711.0,149366.0,16510.0
2018-12-15,431387.0,161390.0,14743.0
2018-12-16,376838.0,162698.0,15443.0
2018-12-17,498496.0,156959.0,34041.0
2018-12-18,446603.0,144583.0,52581.0
2018-12-19,500479.0,165504.0,56985.0
2018-12-20,443883.0,168423.0,40754.0
2018-12-21,450957.0,159429.0,58753.0
2018-12-22,398630.0,130915.0,26265.0
2018-12-23,365333.0,149943.0,23731.0
2018-12-24,406348.0,162438.0,22973.0
2018-12-25,331719.0,151210.0,24183.0
2018-12-26,373285.0,160323.0,26997.0
2018-12-27,431759.0,164572.0,26808.0
2018-12-28,439556.0,165366.0,25497.0
2018-12-29,391120.0,175269.0,26234.0
2018-12-30,356421.0,141079.0,24724.0
2018-12-31,385269.0,156142.0,24414.0
2019-01-01,286567.0,135184.0,23880.0
2019-01-02,408743.0,165157.0,27512.0
2019-01-03,415327.0,183734.0,32341.0
2019-01-04,397595.0,158065.0,35781.0
2019-01-05,343167.0,147108.0,34094.0
2019-01-06,338573.0,150090.0,38161.0
2019-01-07,412727.0,166958.0,40937.0
2019-01-08,422052.0,171006.0,55843.0
2019-01-09,418138.0,170585.0,50995.0
2019-01-10,436357.0,165308.0,53432.0
2019-01-11,418783.0,163936.0,47262.0
2019-01-12,342628.0,123169.0,51879.0
2019-01-13,316005.0,129953.0,46846.0
2019-01-14,387969.0,196036.0,45507.0
2019-01-15,417638.0,172238.0,47514.0
2019-01-16,444514.0,145160.0,49167.0
2019-01-17,414804.0,145540.0,59129.0
2019-01-18,411794.0,147120.0,60607.0
2019-01-19,354090.0,139134.0,54029.0
2019-01-20,349797.0,132880.0,53992.0
2019-01-21,392130.0,144473.0,54329.0
2019-01-22,401844.0,137472.0,55132.0
2019-01-23,462348.0,148160.0,54815.0
2019-01-24,434907.0,147479.0,60876.0
2019-01-25,421283.0,147517.0,63257.0
2019-01-26,397151.0,124351.0,59830.0
2019-01-27,333529.0,140289.0,85988.0
2019-01-28,436631.0,163801.0,79132.0
2019-01-29,425019.0,152355.0,84413.0
2019-01-30,412419.0,139285.0,88599.0
2019-01-31,434570.0,143192.0,87067.0
2019-02-01,455594.0,138590.0,81088.0
2019-02-02,376658.0,117537.0,81585.0
2019-02-03,349484.0,107417.0,88469.0
2019-02-04,405312.0,102770.0,83853.0
2019-02-05,420423.0,104930.0,86819.0
2019-02-06,476604.0,104880.0,88085.0
2019-02-07,435742.0,105224.0,86086.0
2019-02-08,469902.0,125356.0,82347.0
2019-02-09,383858.0,107785.0,83290.0
2019-02-10,319730.0,98901.0,65319.0
2019-02-11,485111.0,117859.0,73646.0
2019-02-12,597073.0,116036.0,73239.0
2019-02-13,529401.0,123021.0,73390.0
2019-02-14,412236.0,127085.0,69422.0
2019-02-15,414326.0,127684.0,74632.0
2019-02-16,405619.0,119780.0,69571.0
2019-02-17,344394.0,117432.0,58698.0
2019-02-18,469578.0,154670.0,68309.0
2019-02-19,475504.0,145044.0,78109.0
2019-02-20,471487.0,136770.0,75821.0
2019-02-21,424592.0,127287.0,81165.0
2019-02-22,519158.0,132064.0,78846.0
2019-02-23,376930.0,127634.0,74610.0
2019-02-24,375775.0,136380.0,77949.0
2019-02-25,458487.0,132989.0,78221.0
2019-02-26,477332.0,140321.0,90541.0
2019-02-27,464621.0,147898.0,86183.0
2019-02-28,483941.0,137877.0,82925.0
2019-03-01,484347.0,159285.0,84567.0
2019-03-02,417892.0,141813.0,76077.0
2019-03-03,372159.0,129255.0,71134.0
2019-03-04,467450.0,149786.0,153032.0
2019-03-05,480644.0,158756.0,123381.0
2019-03-06,507093.0,157718.0,69302.0
2019-03-07,471353.0,154988.0,65820.0
2019-03-08,483942.0,152417.0,72909.0
2019-03-09,387879.0,159643.0,74784.0
2019-03-10,342191.0,125406.0,69231.0
2019-03-11,498457.0,138754.0,73200.0
2019-03-12,463742.0,156807.0,68647.0
2019-03-13,500342.0,151684.0,82170.0
2019-03-14,516235.0,151129.0,87034.0
2019-03-15,485424.0,151553.0,78335.0
2019-03-16,404883.0,127923.0,79993.0
2019-03-17,343113.0,132106.0,76146.0
2019-03-18,475942.0,162584.0,83262.0
2019-03-19,507837.0,169497.0,86280.0
2019-03-20,508726.0,169075.0,79962.0
2019-03-21,476135.0,154169.0,88306.0
2019-03-22,486105.0,158312.0,83505.0
2019-03-23,387721.0,148837.0,86842.0
2019-03-24,376244.0,146089.0,84943.0
2019-03-25,486549.0,187411.0,98870.0
2019-03-26,441018.0,180890.0,92677.0
2019-03-27,519194.0,167817.0,105210.0
2019-03-28,504996.0,171826.0,95497.0
2019-03-29,505033.0,172102.0,90811.0
2019-03-30,457346.0,164542.0,92112.0
2019-03-31,420985.0,157782.0,93534.0
2019-04-01,446350.0,202418.0,99330.0
2019-04-02,569292.0,236139.0,108886.0
2019-04-03,561430.0,216822.0,109425.0
2019-04-04,526397.0,191804.0,101211.0
2019-04-05,589520.0,185567.0,102860.0
2019-04-06,464486.0,159946.0,99723.0
2019-04-07,406249.0,167456.0,94288.0
2019-04-08,505612.0,192280.0,90361.0
2019-04-09,513984.0,196470.0,82881.0
2019-04-10,514013.0,178148.0,97894.0
2019-04-11,530396.0,215522.0,93667.0
2019-04-12,515283.0,232485.0,88852.0
2019-04-13,380954.0,187728.0,85986.0
2019-04-14,396224.0,142534.0,95859.0
2019-04-15,520281.0,175252.0,85615.0
2019-04-16,523635.0,169691.0,94376.0
2019-04-17,510231.0,177685.0,90717.0
2019-04-18,486201.0,189548.0,93539.0
2019-04-19,508434.0,206039.0,98309.0
2019-04-20,485454.0,268624.0,92939.0
2019-04-21,490645.0,203560.0,101402.0
2019-04-22,414039.0,199611.0,110908.0
2019-04-23,447077.0,216799.0,106004.0
2019-04-24,596466.0,198144.0,100720.0
2019-04-25,483003.0,188601.0,103691.0
2019-04-26,503165.0,179758.0,100732.0
2019-04-27,393918.0,155183.0,99092.0
2019-04-28,375285.0,156116.0,97888.0
2019-04-29,513162.0,170292.0,114189.0
2019-04-30,560456.0,193791.0,111098.0
2019-05-01,499316.0,197948.0,105695.0
2019-05-02,528429.0,160226.0,92381.0
2019-05-03,530227.0,173950.0,101444.0
2019-05-04,430298.0,159030.0,93975.0
2019-05-05,401043.0,165398.0,106449.0
2019-05-06,513178.0,177925.0,106224.0
2019-05-07,483302.0,174388.0,103104.0
2019-05-08,558856.0,178832.0,97612.0
2019-05-09,527697.0,188134.0,91629.0
2019-05-10,469968.0,194604.0,94060.0
2019-05-11,502537.0,195574.0,85361.0
2019-05-12,563749.0,188348.0,85442.0
2019-05-13,575205.0,212923.0,86297.0
2019-05-14,569810.0,237448.0,105334.0
2019-05-15,530826.0,245481.0,120949.0
2019-05-16,536954.0,260888.0,134535.0
2019-05-17,580802.0,231001.0,90425.0
2019-05-18,574310.0,211146.0,87133.0
2019-05-19,492705.0,206413.0,88499.0
2019-05-20,531048.0,224167.0,90605.0
2019-05-21,578974.0,237349.0,89337.0
2019-05-22,575021.0,220270.0,84386.0
2019-05-23,535428.0,226386.0,85353.0
2019-05-24,568360.0,234066.0,84943.0
2019-05-25,468083.0,216521.0,93334.0
2019-05-26,431813.0,212859.0,100878.0
2019-05-27,566842.0,253642.0,95662.0
2019-05-28,622509.0,239531.0,90840.0
2019-05-29,580472.0,244835.0,84755.0
2019-05-30,550488.0,243148.0,79545.0
2019-05-31,451163.0,264306.0,79293.0
2019-06-01,573051.0,336386.0,72178.0
2019-06-02,452729.0,257180.0,80228.0
2019-06-03,456738.0,236159.0,87290.0
2019-06-04,570243.0,246392.0,86080.0
2019-06-05,583814.0,219601.0,84877.0
2019-06-06,537417.0,285666.0,83807.0
2019-06-07,581243.0,196711.0,82601.0
2019-06-08,406774.0,186060.0,76245.0
2019-06-09,360679.0,239573.0,71759.0
2019-06-10,516531.0,218713.0,76931.0
2019-06-11,552922.0,284607.0,81207.0
2019-06-12,513688.0,381154.0,83756.0
2019-06-13,588028.0,250176.0,85543.0
2019-06-14,704739.0,241427.0,93318.0
2019-06-15,563558.0,231088.0,80947.0
2019-06-16,451326.0,343937.0,79141.0
2019-06-17,488146.0,220318.0,81101.0
2019-06-18,633466.0,231830.0,88812.0
2019-06-19,605544.0,225443.0,80067.0
2019-06-20,525663.0,208300.0,80244.0
2019-06-21,538611.0,266410.0,76477.0
2019-06-22,527926.0,251817.0,79115.0
2019-06-23,594639.0,232520.0,96957.0
2019-06-24,655129.0,241838.0,88597.0
2019-06-25,570472.0,243216.0,98805.0
2019-06-26,646639.0,278602.0,97549.0
2019-06-27,524815.0,241205.0,66625.0
2019-06-28,654160.0,220450.0,70722.0
2019-06-29,567236.0,212967.0,71428.0
2019-06-30,434197.0,187826.0,78682.0
2019-07-01,527686.0,213652.0,81682.0
2019-07-02,585004.0,278372.0,80267.0
2019-07-03,595318.0,251385.0,80572.0
2019-07-04,545797.0,243658.0,68310.0
2019-07-05,519514.0,225375.0,62100.0
2019-07-06,413415.0,204224.0,56972.0
2019-07-07,384728.0,179524.0,71267.0
2019-07-08,537620.0,225151.0,74575.0
2019-07-09,521742.0,243057.0,73845.0
2019-07-10,489841.0,226126.0,71014.0
2019-07-11,490770.0,205025.0,71200.0
2019-07-12,597279.0,226025.0,65054.0
2019-07-13,426311.0,176324.0,64987.0
2019-07-14,376287.0,183387.0,64162.0
2019-07-15,482408.0,225165.0,69230.0
2019-07-16,506659.0,167302.0,69324.0
2019-07-17,473803.0,213056.0,65385.0
2019-07-18,461495.0,199894.0,72802.0
2019-07-19,479541.0,207595.0,69301.0
2019-07-20,488207.0,174644.0,66534.0
2019-07-21,346576.0,159106.0,56542.0
2019-07-22,453668.0,186067.0,61627.0
2019-07-23,462986.0,176153.0,61762.0
2019-07-24,490265.0,164789.0,57459.0
2019-07-25,516307.0,171620.0,53735.0
2019-07-26,480190.0,194966.0,55161.0
2019-07-27,370872.0,181224.0,50547.0
2019-07-28,344218.0,176165.0,51170.0
2019-07-29,483669.0,194050.0,55067.0
2019-07-30,492327.0,232483.0,52599.0
2019-07-31,523244.0,191486.0,51792.0
2019-08-01,508150.0,177352.0,56185.0
2019-08-02,512144.0,203211.0,55302.0
2019-08-03,405904.0,162959.0,54579.0
2019-08-04,382072.0,174438.0,54989.0
2019-08-05,516853.0,230172.0,57644.0
2019-08-06,572658.0,239352.0,56890.0
2019-08-07,538597.0,208773.0,56979.0
2019-08-08,563596.0,212800.0,57375.0
2019-08-09,498735.0,220549.0,56331.0
2019-08-10,400508.0,206622.0,38044.0
2019-08-11,347415.0,182572.0,40450.0
2019-08-12,417321.0,243799.0,43733.0
2019-08-13,604452.0,211816.0,43649.0
2019-08-14,516421.0,219643.0,46140.0
2019-08-15,474586.0,195569.0,36104.0
2019-08-16,449390.0,220838.0,50772.0
2019-08-17,365383.0,177932.0,48625.0
2019-08-18,337600.0,180757.0,48686.0
2019-08-19,453404.0,210116.0,56072.0
2019-08-20,494428.0,218926.0,57455.0
2019-08-21,485350.0,221529.0,54546.0
2019-08-22,525646.0,212084.0,55357.0
2019-08-23,513347.0,226063.0,56311.0
2019-08-24,487693.0,204297.0,53189.0
2019-08-25,323309.0,198707.0,51018.0
2019-08-26,491672.0,222546.0,57832.0
2019-08-27,487287.0,226670.0,53273.0
2019-08-28,471688.0,211481.0,52472.0
2019-08-29,487836.0,212899.0,45413.0
2019-08-30,484737.0,204526.0,44099.0
2019-08-31,392436.0,193227.0,44213.0
2019-09-01,366917.0,191010.0,43888.0
2019-09-02,472240.0,233003.0,50399.0
2019-09-03,524740.0,222358.0,46222.0
2019-09-04,499931.0,221142.0,50305.0
2019-09-05,483141.0,245362.0,52665.0
2019-09-06,525824.0,230686.0,48606.0
2019-09-07,399653.0,208828.0,49542.0
2019-09-08,361526.0,204768.0,47948.0
2019-09-09,516638.0,233247.0,49356.0
2019-09-10,548311.0,211088.0,49054.0
2019-09-11,539880.0,216878.0,51127.0
2019-09-12,484195.0,221285.0,52145.0
2019-09-13,506729.0,191851.0,54153.0
2019-09-14,430067.0,195745.0,51759.0
2019-09-15,361389.0,202249.0,50127.0
2019-09-16,522587.0,231570.0,48901.0
2019-09-17,523060.0,220646.0,49853.0
2019-09-18,612235.0,220983.0,50002.0
2019-09-19,481141.0,218795.0,64408.0
2019-09-20,481000.0,226693.0,53663.0
2019-09-21,426298.0,174990.0,51791.0
2019-09-22,369026.0,163166.0,52198.0
2019-09-23,454857.0,169665.0,56609.0
2019-09-24,568131.0,195514.0,55639.0
2019-09-25,542976.0,181911.0,57482.0
2019-09-26,505759.0,184109.0,55003.0
2019-09-27,458784.0,184497.0,53219.0
2019-09-28,409880.0,176512.0,51608.0
2019-09-29,359548.0,158390.0,57285.0
2019-09-30,480276.0,190590.0,57416.0
2019-10-01,509749.0,197271.0,52341.0
2019-10-02,461330.0,192456.0,54221.0
2019-10-03,466972.0,168087.0,53858.0
2019-10-04,463192.0,165223.0,53094.0
2019-10-05,404162.0,172821.0,52116.0
2019-10-06,353976.0,166909.0,50859.0
2019-10-07,490215.0,178440.0,56382.0
2019-10-08,471798.0,188483.0,59723.0
2019-10-09,448751.0,221346.0,58135.0
2019-10-10,486084.0,208865.0,56012.0
2019-10-11,478368.0,211454.0,62191.0
2019-10-12,373626.0,182330.0,55790.0
2019-10-13,330586.0,164124.0,53582.0
2019-10-14,447386.0,188104.0,59960.0
2019-10-15,460645.0,193294.0,57483.0
2019-10-16,490659.0,190043.0,58414.0
2019-10-17,485106.0,189423.0,61140.0
2019-10-18,434551.0,209318.0,67608.0
2019-10-19,398297.0,190047.0,62122.0
2019-10-20,356435.0,170671.0,55472.0
2019-10-21,475635.0,189071.0,56318.0
2019-10-22,480054.0,191189.0,55353.0
2019-10-23,498839.0,188650.0,57159.0
2019-10-24,470716.0,188484.0,81582.0
2019-10-25,536378.0,199702.0,61895.0
2019-10-26,518821.0,200450.0,61566.0
2019-10-27,380575.0,170561.0,60345.0
2019-10-28,503333.0,198499.0,72631.0
2019-10-29,491080.0,192990.0,66002.0
2019-10-30,477351.0,191944.0,63294.0
2019-10-31,469744.0,192692.0,66744.0
2019-11-01,540009.0,195900.0,63530.0
2019-11-02,418283.0,165563.0,62602.0
2019-11-03,410728.0,159695.0,64256.0
2019-11-04,489809.0,186195.0,67874.0
2019-11-05,539056.0,215784.0,82661.0
2019-11-06,572679.0,193554.0,67930.0
2019-11-07,539742.0,266684.0,67970.0
2019-11-08,486035.0,196218.0,68391.0
2019-11-09,491608.0,166065.0,67372.0
2019-11-10,372675.0,179604.0,71464.0
2019-11-11,463543.0,198672.0,70197.0
2019-11-12,443307.0,212505.0,66918.0
2019-11-13,510146.0,207620.0,71733.0
2019-11-14,503180.0,189920.0,65560.0
2019-11-15,491493.0,185805.0,55448.0
2019-11-16,439900.0,166348.0,53579.0
2019-11-17,393527.0,177355.0,55514.0
2019-11-18,447621.0,193952.0,55472.0
2019-11-19,579370.0,192907.0,53453.0
2019-11-20,453317.0,187666.0,53056.0
2019-11-21,521920.0,207854.0,50924.0
2019-11-22,522968.0,225633.0,75346.0
2019-11-23,450215.0,170330.0,53820.0
2019-11-24,342883.0,150373.0,54930.0
2019-11-25,428683.0,196045.0,55017.0
2019-11-26,512248.0,177562.0,56497.0
2019-11-27,573125.0,172381.0,57201.0
2019-11-28,458042.0,167672.0,53534.0
2019-11-29,476814.0,191880.0,50434.0
2019-11-30,435954.0,154840.0,47333.0
2019-12-01,379115.0,164654.0,55626.0
2019-12-02,483165.0,204755.0,40882.0
2019-12-03,496625.0,177637.0,51155.0
2019-12-04,493959.0,181878.0,52421.0
2019-12-05,491327.0,177549.0,35968.0
2019-12-06,505068.0,169139.0,34638.0
2019-12-07,439506.0,138526.0,41116.0
2019-12-08,382333.0,124323.0,34510.0
2019-12-09,537036.0,192597.0,38305.0
2019-12-10,554672.0,177408.0,40670.0
2019-12-11,554992.0,177642.0,39710.0
2019-12-12,479422.0,172675.0,41775.0
2019-12-13,489530.0,173610.0,37077.0
2019-12-14,411481.0,148037.0,49515.0
2019-12-15,445713.0,149951.0,45058.0
2019-12-16,546897.0,179892.0,39987.0
2019-12-17,651220.0,168786.0,39989.0
2019-12-18,492693.0,178756.0,38838.0
2019-12-19,495783.0,176289.0,40514.0
2019-12-20,469924.0,170291.0,37650.0
2019-12-21,396152.0,156705.0,34188.0
2019-12-22,379349.0,143930.0,36349.0
2019-12-23,476406.0,175253.0,46819.0
2019-12-24,438407.0,158998.0,41935.0
2019-12-25,357737.0,150666.0,39351.0
2019-12-26,425868.0,164749.0,39176.0
2019-12-27,469662.0,159419.0,40916.0
2019-12-28,397811.0,144275.0,40907.0
2019-12-29,374899.0,135362.0,40792.0
2019-12-30,489527.0,174739.0,37454.0
2019-12-31,454224.0,151478.0,38810.0
2020-01-01,332979.0,121155.0,38521.0
2020-01-02,452156.0,133832.0,38609.0
2020-01-03,490693.0,159986.0,46584.0
2020-01-04,403570.0,152719.0,39083.0
2020-01-05,376246.0,143093.0,36556.0
2020-01-06,485227.0,171385.0,41388.0
2020-01-07,514658.0,173252.0,40876.0
2020-01-08,488079.0,185410.0,37951.0
2020-01-09,530899.0,179834.0,36442.0
2020-01-10,515406.0,166164.0,39396.0
2020-01-11,416529.0,151666.0,39370.0
2020-01-12,374479.0,137985.0,33723.0
2020-01-13,448442.0,157615.0,36583.0
2020-01-14,579051.0,192492.0,39935.0
2020-01-15,518489.0,198952.0,41846.0
2020-01-16,490036.0,212760.0,36150.0
2020-01-17,509534.0,185319.0,39719.0
2020-01-18,402499.0,181728.0,38403.0
2020-01-19,414513.0,174336.0,39300.0
2020-01-20,485057.0,171314.0,42825.0
2020-01-21,512451.0,168207.0,38864.0
2020-01-22,542893.0,151034.0,37263.0
2020-01-23,532785.0,172132.0,38661.0
2020-01-24,502589.0,133770.0,38621.0
2020-01-25,437285.0,113078.0,39813.0
2020-01-26,375754.0,114521.0,37645.0
2020-01-27,470866.0,134215.0,37604.0
2020-01-28,566005.0,146899.0,40257.0
2020-01-29,516671.0,151911.0,42407.0
2020-01-30,516644.0,150117.0,42273.0
2020-01-31,528557.0,159234.0,41562.0
2020-02-01,482021.0,150107.0,41730.0
2020-02-02,494141.0,142803.0,41725.0
2020-02-03,605647.0,188156.0,40503.0
2020-02-04,523244.0,155014.0,41545.0
2020-02-05,573102.0,182241.0,43269.0
2020-02-06,500610.0,178856.0,48719.0
2020-02-07,598984.0,185447.0,43826.0
2020-02-08,480011.0,198794.0,44991.0
2020-02-09,444837.0,204121.0,40589.0
2020-02-10,457072.0,193049.0,40038.0
2020-02-11,600968.0,209824.0,40420.0
2020-02-12,539710.0,252504.0,45853.0
2020-02-13,569431.0,234995.0,47074.0
2020-02-14,478768.0,216220.0,44375.0
2020-02-15,495836.0,206313.0,46106.0
2020-02-16,422003.0,193788.0,41158.0
2020-02-17,523888.0,204830.0,42017.0
2020-02-18,532200.0,215011.0,41965.0
2020-02-19,538339.0,201784.0,41948.0
2020-02-20,516479.0,194052.0,46832.0
2020-02-21,526305.0,207037.0,45489.0
2020-02-22,431169.0,201272.0,45313.0
2020-02-23,397583.0,211717.0,41119.0
2020-02-24,514729.0,212550.0,41900.0
2020-02-25,487111.0,182414.0,42270.0
2020-02-26,521072.0,193144.0,43013.0
2020-02-27,531061.0,206735.0,42348.0
2020-02-28,546429.0,201003.0,42451.0
2020-02-29,436972.0,182514.0,40638.0
2020-03-01,432909.0,164975.0,41538.0
2020-03-02,552050.0,207356.0,42166.0
2020-03-03,582027.0,179285.0,63938.0
2020-03-04,608185.0,193395.0,49244.0
2020-03-05,528755.0,213195.0,41331.0
2020-03-06,542312.0,192436.0,41447.0
2020-03-07,441844.0,177164.0,46754.0
2020-03-08,417609.0,170529.0,49289.0
2020-03-09,547683.0,206230.0,53203.0
2020-03-10,548741.0,194926.0,51001.0
2020-03-11,466031.0,190789.0,51574.0
2020-03-12,602148.0,181007.0,53966.0
2020-03-13,487219.0,217376.0,53909.0
2020-03-14,510553.0,191149.0,51191.0
2020-03-15,435247.0,178466.0,49958.0
2020-03-16,460793.0,210857.0,53752.0
2020-03-17,496064.0,214092.0,51281.0
2020-03-18,376648.0,240937.0,84216.0
2020-03-19,438844.0,291074.0,79404.0
2020-03-20,447115.0,258646.0,52138.0
2020-03-21,417916.0,334155.0,58546.0
2020-03-22,334616.0,248277.0,56598.0
2020-03-23,421947.0,260517.0,56269.0
2020-03-24,473118.0,252632.0,47916.0
2020-03-25,333663.0,232798.0,47772.0
2020-03-26,621997.0,242908.0,48413.0
2020-03-27,589090.0,245483.0,59115.0
2020-03-28,388811.0,195029.0,46974.0
2020-03-29,359368.0,177022.0,50649.0
2020-03-30,521947.0,206448.0,52913.0
2020-03-31,562616.0,200986.0,51551.0
2020-04-01,548488.0,197934.0,49001.0
2020-04-02,529785.0,209184.0,53992.0
2020-04-03,490436.0,208717.0,59165.0
2020-04-04,411953.0,179637.0,72004.0
2020-04-05,364748.0,170965.0,70784.0
2020-04-06,492567.0,206500.0,68732.0
2020-04-07,673736.0,217074.0,67730.0
2020-04-08,507094.0,284394.0,63632.0
2020-04-09,463658.0,214951.0,65708.0
2020-04-10,482112.0,216139.0,67224.0
2020-04-11,398515.0,197000.0,64676.0
2020-04-12,389092.0,212660.0,77597.0
2020-04-13,517679.0,235269.0,75154.0
2020-04-14,551941.0,270525.0,68102.0
2020-04-15,646864.0,246354.0,68079.0
2020-04-16,569407.0,228721.0,74051.0
2020-04-17,556758.0,244796.0,67846.0
2020-04-18,599531.0,253736.0,80913.0
2020-04-19,470396.0,239766.0,114476.0
2020-04-20,555859.0,258280.0,223832.0
2020-04-21,535197.0,240616.0,272049.0
2020-04-22,450300.0,228881.0,247230.0
2020-04-23,603696.0,253968.0,156831.0
2020-04-24,574457.0,261931.0,145092.0
2020-04-25,544053.0,236175.0,111595.0
2020-04-26,452671.0,233824.0,109054.0
2020-04-27,553512.0,251559.0,106243.0
2020-04-28,625008.0,247826.0,118465.0
2020-04-29,550011.0,262139.0,115591.0
2020-04-30,566237.0,262456.0,105287.0
2020-05-01,582584.0,256046.0,99922.0
2020-05-02,676700.0,253448.0,84438.0
2020-05-03,627310.0,266184.0,65125.0
2020-05-04,564931.0,233704.0,68216.0
2020-05-05,646694.0,233842.0,73088.0
2020-05-06,640420.0,249382.0,64163.0
2020-05-07,650234.0,250434.0,59856.0
2020-05-08,587898.0,256407.0,56245.0
2020-05-09,576064.0,272798.0,78221.0
2020-05-10,588507.0,255020.0,51366.0
2020-05-11,657293.0,257696.0,56018.0
2020-05-12,618532.0,244896.0,61070.0
2020-05-13,525784.0,220788.0,58850.0
2020-05-14,535141.0,223940.0,128974.0
2020-05-15,546226.0,247301.0,59247.0
2020-05-16,562143.0,241038.0,56236.0
2020-05-17,495084.0,228020.0,52092.0
2020-05-18,621409.0,242779.0,66413.0
2020-05-19,556804.0,252645.0,71473.0
2020-05-20,536639.0,242475.0,89219.0
2020-05-21,586989.0,243112.0,78171.0
2020-05-22,483663.0,252074.0,64410.0
2020-05-23,538057.0,259715.0,64607.0
2020-05-24,557131.0,230587.0,61458.0
2020-05-25,544022.0,238810.0,68735.0
2020-05-26,560127.0,254939.0,70762.0
2020-05-27,616308.0,257178.0,64230.0
2020-05-28,552776.0,267121.0,68550.0
2020-05-29,549442.0,304669.0,66530.0
2020-05-30,627062.0,281306.0,68104.0
2020-05-31,548676.0,264111.0,67284.0
2020-06-01,570558.0,283506.0,66265.0
2020-06-02,564227.0,307544.0,66389.0
2020-06-03,620270.0,280163.0,65756.0
2020-06-04,608421.0,291977.0,75217.0
2020-06-05,613133.0,269835.0,76018.0
2020-06-06,508763.0,250432.0,69261.0
2020-06-07,442805.0,235907.0,72769.0
2020-06-08,666165.0,274060.0,79346.0
2020-06-09,626221.0,297101.0,82908.0
2020-06-10,586422.0,282289.0,84406.0
2020-06-11,726167.0,282307.0,77382.0
2020-06-12,601706.0,299813.0,78631.0
2020-06-13,538275.0,283656.0,70110.0
2020-06-14,436568.0,259044.0,66540.0
2020-06-15,537142.0,283273.0,67956.0
2020-06-16,636414.0,288146.0,69460.0
2020-06-17,587988.0,279410.0,67102.0
2020-06-18,538583.0,311794.0,64622.0
2020-06-19,632625.0,297777.0,63712.0
2020-06-20,488848.0,305973.0,61956.0
2020-06-21,476516.0,294202.0,67092.0
2020-06-22,526512.0,313942.0,91956.0
2020-06-23,706428.0,329274.0,84669.0
2020-06-24,624821.0,316075.0,86996.0
2020-06-25,571288.0,308133.0,88360.0
2020-06-26,631722.0,316710.0,84759.0
2020-06-27,502777.0,314930.0,91836.0
2020-06-28,431905.0,321418.0,90741.0
2020-06-29,620079.0,375097.0,90781.0
2020-06-30,593720.0,346059.0,84732.0
2020-07-01,709153.0,334292.0,76656.0
2020-07-02,627054.0,335000.0,86418.0
2020-07-03,628348.0,318221.0,81936.0
2020-07-04,539777.0,320038.0,86767.0
2020-07-05,518079.0,276800.0,102638.0
2020-07-06,660028.0,306479.0,116567.0
2020-07-07,617776.0,330763.0,114041.0
2020-07-08,651077.0,326670.0,119012.0
2020-07-09,702156.0,322800.0,126888.0
2020-07-10,655203.0,315340.0,129707.0
2020-07-11,591510.0,318727.0,139537.0
2020-07-12,486896.0,302792.0,141892.0
2020-07-13,567467.0,339292.0,144468.0
2020-07-14,616601.0,332653.0,131569.0
2020-07-15,611390.0,358767.0,117899.0
2020-07-16,590353.0,317978.0,111430.0
2020-07-17,506858.0,312475.0,103832.0
2020-07-18,550291.0,290373.0,108129.0
2020-07-19,584317.0,308646.0,100101.0
2020-07-20,595119.0,330385.0,103847.0
2020-07-21,552212.0,293451.0,103469.0
2020-07-22,617809.0,313751.0,104120.0
2020-07-23,606251.0,324666.0,100382.0
2020-07-24,692731.0,308195.0,102074.0
2020-07-25,636846.0,325544.0,110734.0
2020-07-26,689773.0,323892.0,115661.0
2020-07-27,640790.0,350088.0,119960.0
2020-07-28,645778.0,388218.0,126929.0
2020-07-29,635316.0,324033.0,131054.0
2020-07-30,584715.0,333009.0,134683.0
2020-07-31,673924.0,338854.0,135027.0
2020-08-01,606315.0,351197.0,143176.0
2020-08-02,627377.0,334527.0,150769.0
2020-08-03,726708.0,349966.0,145020.0
2020-08-04,630921.0,364347.0,151233.0
2020-08-05,582735.0,366631.0,148676.0
2020-08-06,722596.0,371303.0,158136.0
2020-08-07,690985.0,351900.0,150605.0
2020-08-08,631795.0,336285.0,150462.0
2020-08-09,620395.0,313726.0,154734.0
2020-08-10,596610.0,316250.0,167633.0
2020-08-11,699555.0,305668.0,174157.0
2020-08-12,699185.0,239557.0,175914.0
2020-08-13,594471.0,272568.0,181886.0
2020-08-14,707509.0,289680.0,202169.0
2020-08-15,639920.0,311179.0,201513.0
2020-08-16,611287.0,310078.0,207277.0
2020-08-17,523369.0,301639.0,230665.0
2020-08-18,606161.0,293692.0,255723.0
2020-08-19,599579.0,305375.0,252454.0
2020-08-20,616697.0,304346.0,265778.0
2020-08-21,724679.0,323246.0,270703.0
2020-08-22,602453.0,293824.0,262303.0
2020-08-23,627156.0,315068.0,256452.0
2020-08-24,572980.0,311659.0,266201.0
2020-08-25,574803.0,296670.0,285407.0
2020-08-26,647079.0,310000.0,255147.0
2020-08-27,558162.0,305621.0,238925.0
2020-08-28,702462.0,285191.0,229155.0
2020-08-29,654586.0,264838.0,233428.0
2020-08-30,538615.0,227603.0,235127.0
2020-08-31,560085.0,271156.0,219699.0
2020-09-01,643572.0,251509.0,234559.0
2020-09-02,619739.0,240661.0,261206.0
2020-09-03,576367.0,244992.0,266887.0
2020-09-04,628574.0,295932.0,239642.0
2020-09-05,607910.0,226224.0,224276.0
2020-09-06,705416.0,262831.0,219229.0
2020-09-07,761926.0,271083.0,237024.0
2020-09-08,630127.0,263608.0,241537.0
2020-09-09,591701.0,240480.0,229788.0
2020-09-10,730598.0,229771.0,271451.0
2020-09-11,605123.0,226678.0,268523.0
2020-09-12,592800.0,233537.0,254495.0
2020-09-13,515823.0,218252.0,235696.0
2020-09-14,672727.0,230160.0,245714.0
2020-09-15,593979.0,256048.0,247206.0
2020-09-16,676565.0,235095.0,253702.0
2020-09-17,755350.0,340830.0,258202.0
2020-09-18,616401.0,323585.0,275305.0
2020-09-19,585324.0,294576.0,297625.0
2020-09-20,526435.0,322142.0,234323.0
2020-09-21,587596.0,314018.0,268880.0
2020-09-22,581329.0,285170.0,267413.0
2020-09-23,618458.0,294711.0,309035.0
2020-09-24,562445.0,309289.0,291834.0
2020-09-25,770526.0,279840.0,421348.0
2020-09-26,645942.0,281279.0,308341.0
2020-09-27,507923.0,276713.0,263585.0
2020-09-28,522312.0,285716.0,301012.0
2020-09-29,604377.0,288302.0,296752.0
2020-09-30,724872.0,284167.0,341941.0
2020-10-01,550346.0,281443.0,297190.0
2020-10-02,602246.0,274690.0,310052.0
2020-10-03,674180.0,256744.0,352675.0
2020-10-04,616790.0,271107.0,346056.0
2020-10-05,585828.0,251702.0,368580.0
2020-10-06,588243.0,266688.0,354974.0
2020-10-07,664723.0,278872.0,333008.0
2020-10-08,675471.0,272323.0,329622.0
2020-10-09,642276.0,294206.0,305050.0
2020-10-10,590061.0,292091.0,293893.0
2020-10-11,509672.0,284946.0,278877.0
2020-10-12,601405.0,292350.0,301625.0
2020-10-13,690079.0,324492.0,323835.0
2020-10-14,580668.0,315713.0,303896.0
2020-10-15,658422.0,446714.0,318961.0
2020-10-16,629132.0,398846.0,291703.0
2020-10-17,536543.0,354892.0,308555.0
2020-10-18,449691.0,294361.0,282520.0
2020-10-19,551153.0,316321.0,327013.0
2020-10-20,602959.0,310254.0,342639.0
2020-10-21,594937.0,334375.0,397202.0
2020-10-22,619448.0,366238.0,322172.0
2020-10-23,582114.0,343537.0,269971.0
2020-10-24,732059.0,319159.0,257966.0
2020-10-25,548195.0,276244.0,264132.0
2020-10-26,479617.0,299271.0,284981.0
2020-10-27,450858.0,302218.0,303070.0
2020-10-28,437789.0,324224.0,331805.0
2020-10-29,491120.0,293682.0,318887.0
2020-10-30,503732.0,311559.0,285189.0
2020-10-31,511671.0,331345.0,291427.0
2020-11-01,531038.0,305697.0,254342.0
2020-11-02,435978.0,331281.0,303949.0
2020-11-03,617118.0,326135.0,272511.0
2020-11-04,789203.0,382161.0,255825.0
2020-11-05,657725.0,339163.0,287148.0
2020-11-06,688696.0,365555.0,273383.0
2020-11-07,722011.0,349796.0,293259.0
2020-11-08,607660.0,318793.0,250251.0
2020-11-09,841100.0,350196.0,280410.0
2020-11-10,658037.0,334703.0,280962.0
2020-11-11,645227.0,340393.0,272237.0
2020-11-12,683398.0,325167.0,302107.0
2020-11-13,620087.0,338037.0,275026.0
2020-11-14,578871.0,347612.0,280414.0
2020-11-15,556200.0,308658.0,282648.0
2020-11-16,666714.0,333550.0,304095.0
2020-11-17,702818.0,341238.0,282632.0
2020-11-18,743632.0,324856.0,296051.0
2020-11-19,663753.0,326539.0,296923.0
2020-11-20,767388.0,352521.0,334441.0
2020-11-21,664097.0,369434.0,308157.0
2020-11-22,546744.0,360636.0,295281.0
2020-11-23,614613.0,364264.0,325131.0
2020-11-24,602732.0,353088.0,357624.0
2020-11-25,674114.0,375202.0,306295.0
2020-11-26,704319.0,321907.0,297323.0
2020-11-27,716172.0,362580.0,290783.0
2020-11-28,703847.0,330986.0,285066.0
2020-11-29,563941.0,362168.0,304326.0
2020-11-30,514185.0,340639.0,342181.0
2020-12-01,686632.0,341970.0,377272.0
2020-12-02,580912.0,314234.0,381346.0
2020-12-03,735579.0,321715.0,385213.0
2020-12-04,684116.0,323552.0,447372.0
2020-12-05,710183.0,318749.0,344089.0
2020-12-06,592385.0,301334.0,317397.0
2020-12-07,640544.0,310847.0,322272.0
2020-12-08,656757.0,319834.0,326937.0
2020-12-09,634640.0,313216.0,309843.0
2020-12-10,611244.0,297240.0,286941.0
2020-12-11,675355.0,318668.0,289615.0
2020-12-12,604561.0,337746.0,296543.0
2020-12-13,613561.0,352772.0,351075.0
2020-12-14,605863.0,368887.0,445898.0
2020-12-15,640570.0,351472.0,330286.0
2020-12-16,649473.0,386633.0,331523.0
2020-12-17,596027.0,424418.0,404979.0
2020-12-18,688209.0,383767.0,365821.0
2020-12-19,718048.0,390218.0,354051.0
2020-12-20,709445.0,320067.0,340298.0
2020-12-21,721080.0,314081.0,389879.0
2020-12-22,669021.0,314996.0,403583.0
2020-12-23,679856.0,355690.0,384444.0
2020-12-24,584629.0,327496.0,369866.0
2020-12-25,661868.0,316464.0,364736.0
2020-12-26,603688.0,321047.0,327436.0
2020-12-27,662527.0,329270.0,359199.0
2020-12-28,740057.0,351118.0,383814.0
2020-12-29,726493.0,348257.0,392900.0
2020-12-30,755411.0,348625.0,387055.0
2020-12-31,772052.0,326871.0,380275.0
2021-01-01,648865.0,352847.0,352312.0
2021-01-02,709045.0,320612.0,435678.0
2021-01-03,729558.0,356660.0,560641.0
2021-01-04,813202.0,362894.0,372381.0
2021-01-05,733298.0,372189.0,312021.0
2021-01-06,827269.0,394131.0,316170.0
2021-01-07,737643.0,419135.0,302920.0
2021-01-08,680319.0,390757.0,291914.0
2021-01-09,629940.0,413855.0,374570.0
2021-01-10,727328.0,399152.0,399659.0
2021-01-11,713064.0,378213.0,384755.0
2021-01-12,732502.0,349329.0,356218.0
2021-01-13,713428.0,348566.0,345731.0
2021-01-14,680504.0,368563.0,360741.0
2021-01-15,748289.0,389514.0,575560.0
2021-01-16,682946.0,380161.0,359821.0
2021-01-17,640515.0,354924.0,368372.0
2021-01-18,675545.0,370906.0,354009.0
2021-01-19,675964.0,379365.0,375259.0
2021-01-20,638878.0,372650.0,367007.0
2021-01-21,628659.0,334809.0,390633.0
2021-01-22,648074.0,334575.0,365785.0
2021-01-23,732629.0,346189.0,332794.0
2021-01-24,650095.0,336015.0,323149.0
2021-01-25,707767.0,341903.0,367421.0
2021-01-26,773075.0,361408.0,334489.0
2021-01-27,662458.0,317388.0,376604.0
2021-01-28,672193.0,354233.0,390705.0
2021-01-29,696649.0,385718.0,452508.0
2021-01-30,648473.0,375793.0,378447.0
2021-01-31,672682.0,355201.0,382312.0
2021-02-01,547729.0,363478.0,427729.0
2021-02-02,720770.0,375010.0,385541.0
2021-02-03,694619.0,391147.0,398383.0
2021-02-04,736832.0,375848.0,421951.0
2021-02-05,790002.0,360634.0,447295.0
2021-02-06,721880.0,355476.0,478217.0
2021-02-07,731246.0,360676.0,481035.0
2021-02-08,767026.0,370446.0,577461.0
2021-02-09,632307.0,376703.0,640424.0
2021-02-10,650196.0,371090.0,560574.0
2021-02-11,568129.0,385602.0,520708.0
2021-02-12,635027.0,373375.0,535600.0
2021-02-13,759276.0,354863.0,534375.0
2021-02-14,713178.0,348853.0,571120.0
2021-02-15,709419.0,331615.0,569517.0
2021-02-16,552832.0,362972.0,561240.0
2021-02-17,628819.0,372039.0,568844.0
2021-02-18,641777.0,372192.0,674153.0
2021-02-19,713303.0,395147.0,742967.0
2021-02-20,689958.0,394227.0,748509.0
2021-02-21,631295.0,374766.0,697787.0
2021-02-22,616251.0,354625.0,696677.0
2021-02-23,578782.0,337019.0,671840.0
2021-02-24,722304.0,374048.0,669887.0
2021-02-25,725342.0,356889.0,676491.0
2021-02-26,627147.0,371476.0,604900.0
2021-02-27,738151.0,366217.0,600753.0
2021-02-28,655232.0,351015.0,625103.0
2021-03-01,616125.0,373109.0,744894.0
2021-03-02,661711.0,384066.0,765351.0
2021-03-03,676037.0,356967.0,665320.0
2021-03-04,568405.0,369013.0,666495.0
2021-03-05,691010.0,335123.0,633138.0
2021-03-06,739155.0,345013.0,612052.0
2021-03-07,673084.0,322634.0,625867.0
2021-03-08,750928.0,349449.0,654460.0
2021-03-09,625670.0,385080.0,710378.0
2021-03-10,677404.0,388503.0,734721.0
2021-03-11,603680.0,385008.0,777760.0
2021-03-12,699566.0,394679.0,715959.0
2021-03-13,656254.0,375582.0,679255.0
2021-03-14,714327.0,386818.0,731505.0
2021-03-15,677634.0,383815.0,796988.0
2021-03-16,684763.0,378977.0,751932.0
2021-03-17,610687.0,363931.0,903924.0
2021-03-18,678196.0,366864.0,1153493.0
2021-03-19,676692.0,379859.0,998596.0
2021-03-20,694484.0,371631.0,881158.0
2021-03-21,740394.0,352259.0,877613.0
2021-03-22,704449.0,363241.0,915973.0
2021-03-23,773613.0,393684.0,821593.0
2021-03-24,710263.0,384640.0,906056.0
2021-03-25,733863.0,404156.0,830640.0
2021-03-26,634594.0,395684.0,856226.0
2021-03-27,736982.0,380244.0,804555.0
2021-03-28,713156.0,362171.0,799705.0
2021-03-29,664626.0,383827.0,866259.0
2021-03-30,672519.0,377872.0,918157.0
2021-03-31,722904.0,379051.0,1061101.0
2021-04-01,648682.0,398202.0,1020830.0
2021-04-02,643353.0,433790.0,1043773.0
2021-04-03,616708.0,388449.0,1053852.0
2021-04-04,678651.0,372770.0,1061172.0
2021-04-05,783684.0,387835.0,1137115.0
2021-04-06,685108.0,406140.0,1107750.0
2021-04-07,749320.0,387495.0,1020795.0
2021-04-08,621346.0,393351.0,1047836.0
2021-04-09,736359.0,391638.0,1041404.0
2021-04-10,729597.0,412155.0,1063311.0
2021-04-11,673489.0,399502.0,973093.0
2021-04-12,680748.0,423881.0,1098928.0
2021-04-13,654731.0,417050.0,1060422.0
2021-04-14,620036.0,438288.0,1031338.0
2021-04-15,812809.0,371628.0,1141574.0
2021-04-16,452407.0,438418.0,1169720.0
2021-04-17,442025.0,438866.0,1221690.0
2021-04-18,577225.0,413030.0,1143974.0
2021-04-19,441662.0,452411.0,1366231.0
2021-04-20,618246.0,469287.0,1658514.0
2021-04-21,464068.0,500765.0,1756192.0
2021-04-22,673676.0,505261.0,1464300.0
2021-04-23,639174.0,482746.0,1283250.0
2021-04-24,711509.0,488999.0,1216221.0
2021-04-25,673775.0,522512.0,1262075.0
2021-04-26,537343.0,514082.0,1389860.0
2021-04-27,680645.0,486756.0,1438881.0
2021-04-28,696901.0,486782.0,1319435.0
2021-04-29,578928.0,495881.0,1490495.0
2021-04-30,701321.0,461009.0,1513779.0
2021-05-01,654471.0,495758.0,1295030.0
2021-05-02,921650.0,443185.0,1259440.0
2021-05-03,871965.0,464519.0,1322291.0
2021-05-04,888310.0,492697.0,1413099.0
2021-05-05,777097.0,491383.0,1434414.0
2021-05-06,794697.0,495212.0,1612927.0
2021-05-07,764723.0,479065.0,1665605.0
2021-05-08,772680.0,465717.0,1677552.0
2021-05-09,860833.0,539986.0,1748009.0
2021-05-10,878755.0,464471.0,2000864.0
2021-05-11,790856.0,460702.0,2216088.0
2021-05-12,793754.0,449276.0,2141781.0
2021-05-13,739859.0,516961.0,1852514.0
2021-05-14,636730.0,500255.0,1970405.0
2021-05-15,599618.0,471860.0,1885981.0
2021-05-16,645835.0,451862.0,1779453.0
2021-05-17,576967.0,456277.0,1724806.0
2021-05-18,473980.0,440128.0,1736928.0
2021-05-19,569405.0,404217.0,1768865.0
2021-05-20,516956.0,455608.0,1733430.0
2021-05-21,505293.0,431852.0,1642245.0
2021-05-22,538937.0,372784.0,1269343.0
2021-05-23,629567.0,347810.0,1293736.0
2021-05-24,612245.0,391122.0,1627405.0
2021-05-25,601738.0,408686.0,1417088.0
2021-05-26,568262.0,412841.0,1409642.0
2021-05-27,502526.0,433295.0,1649608.0
2021-05-28,610834.0,394825.0,1393901.0
2021-05-29,558815.0,429278.0,1568827.0
2021-05-30,723249.0,445423.0,1904472.0
2021-05-31,659337.0,422881.0,1440128.0
2021-06-01,579941.0,407832.0,1484724.0
2021-06-02,735659.0,427127.0,1543991.0
2021-06-03,661882.0,467533.0,1638770.0
2021-06-04,577684.0,453052.0,1537431.0
2021-06-05,468134.0,431709.0,1585428.0
2021-06-06,450329.0,424332.0,1510505.0
2021-06-07,578217.0,408806.0,1557471.0
2021-06-08,646212.0,372048.0,1515994.0
2021-06-09,456809.0,376175.0,1483758.0
2021-06-10,547670.0,379559.0,1587615.0
2021-06-11,489445.0,361287.0,1502290.0
2021-06-12,669942.0,369128.0,1407211.0
2021-06-13,524015.0,400709.0,1415123.0
2021-06-14,590267.0,385212.0,1562680.0
2021-06-15,581805.0,385477.0,1621318.0
2021-06-16,601078.0,382588.0,1653556.0
2021-06-17,542169.0,366761.0,1828871.0
2021-06-18,512397.0,353835.0,1919389.0
2021-06-19,416451.0,323132.0,1654013.0
2021-06-20,397690.0,332622.0,1424017.0
2021-06-21,494351.0,356296.0,1553877.0
2021-06-22,438615.0,379712.0,1522150.0
2021-06-23,497894.0,393035.0,1518924.0
2021-06-24,521644.0,401854.0,1484832.0
2021-06-25,571466.0,389991.0,1470155.0
2021-06-26,434333.0,378975.0,1303835.0
2021-06-27,262348.0,353155.0,1392804.0
2021-06-28,422073.0,398954.0,1649544.0
2021-06-29,434146.0,413616.0,1753664.0
2021-06-30,425596.0,398390.0,1748369.0
2021-07-01,449579.0,408230.0,1800097.0
2021-07-02,460680.0,385318.0,1894089.0
2021-07-03,681599.0,354001.0,1735712.0
2021-07-04,585851.0,355932.0,1880413.0
2021-07-05,634730.0,367774.0,2013368.0
2021-07-06,535082.0,360970.0,2112340.0
2021-07-07,513546.0,372710.0,1904448.0
2021-07-08,498221.0,366747.0,1789602.0
2021-07-09,552133.0,367086.0,1587203.0
2021-07-10,424757.0,341268.0,1501521.0
2021-07-11,474823.0,338377.0,1463518.0
2021-07-12,525862.0,351423.0,1620803.0
2021-07-13,528351.0,347274.0,1482121.0
2021-07-14,526140.0,352347.0,1425188.0
2021-07-15,539232.0,369060.0,1457680.0
2021-07-16,481082.0,353667.0,1473662.0
2021-07-17,396156.0,347358.0,1502114.0
2021-07-18,421293.0,335516.0,1580043.0
2021-07-19,568057.0,360754.0,1558140.0
2021-07-20,534570.0,364222.0,1587118.0
2021-07-21,527043.0,377230.0,1610457.0
2021-07-22,516341.0,378106.0,1766056.0
2021-07-23,495920.0,383995.0,1891443.0
2021-07-24,457623.0,404357.0,1867098.0
2021-07-25,412496.0,356547.0,1991568.0
2021-07-26,605628.0,390912.0,2010212.0
2021-07-27,606347.0,399876.0,1857061.0
2021-07-28,558399.0,403215.0,2033329.0
2021-07-29,577182.0,408936.0,2025388.0
2021-07-30,535600.0,401966.0,2051590.0
2021-07-31,445062.0,390197.0,1980532.0
2021-08-01,412600.0,378571.0,1973602.0
2021-08-02,622069.0,416984.0,2015281.0
2021-08-03,529694.0,374370.0,2197807.0
2021-08-04,551736.0,368665.0,2059481.0
2021-08-05,531085.0,343423.0,2202400.0
2021-08-06,583838.0,377331.0,2149459.0
2021-08-07,458289.0,354534.0,2077269.0
2021-08-08,463499.0,357870.0,2094851.0
2021-08-09,613878.0,350039.0,2100349.0
2021-08-10,572704.0,354092.0,2035004.0
2021-08-11,546674.0,358031.0,2241799.0
2021-08-12,542007.0,343462.0,1894027.0
2021-08-13,580539.0,347348.0,1743843.0
2021-08-14,422344.0,334445.0,1654931.0
2021-08-15,491578.0,328598.0,1735913.0
2021-08-16,652047.0,374818.0,1811761.0
2021-08-17,649460.0,367959.0,1763057.0
2021-08-18,565362.0,356527.0,1793360.0
2021-08-19,578000.0,395393.0,1896125.0
2021-08-20,636144.0,387243.0,2035298.0
2021-08-21,494404.0,365270.0,1831345.0
2021-08-22,467815.0,348805.0,1725465.0
2021-08-23,651169.0,359023.0,1826347.0
2021-08-24,636453.0,340741.0,1696190.0
2021-08-25,541130.0,318044.0,1677057.0
2021-08-26,516310.0,327370.0,1793875.0
2021-08-27,523345.0,309405.0,1774600.0
2021-08-28,456302.0,329434.0,1845182.0
2021-08-29,405249.0,323228.0,1780388.0
2021-08-30,589408.0,336098.0,2038053.0
2021-08-31,578870.0,349800.0,2029762.0
2021-09-01,598795.0,354201.0,2107935.0
2021-09-02,645440.0,366432.0,2156977.0
2021-09-03,674716.0,329167.0,2142648.0
2021-09-04,483751.0,334146.0,2024270.0
2021-09-05,451452.0,323699.0,1948307.0
2021-09-06,647738.0,342811.0,2057858.0
2021-09-07,595615.0,374807.0,2203079.0
2021-09-08,566820.0,338959.0,2027218.0
2021-09-09,578633.0,345357.0,2013979.0
2021-09-10,572597.0,389811.0,1971191.0
2021-09-11,568004.0,454255.0,1883984.0
2021-09-12,421245.0,394853.0,1817708.0
2021-09-13,614026.0,463112.0,2087090.0
2021-09-14,627969.0,394384.0,2058655.0
2021-09-15,648851.0,385905.0,2224662.0
2021-09-16,692256.0,369717.0,2238950.0
2021-09-17,612282.0,364174.0,2246985.0
2021-09-18,522584.0,360372.0,2279918.0
2021-09-19,435992.0,347720.0,2136578.0
2021-09-20,689556.0,322789.0,2367399.0
2021-09-21,532761.0,356289.0,2232556.0
2021-09-22,569851.0,360185.0,2394695.0
2021-09-23,572138.0,360908.0,2457704.0
2021-09-24,634939.0,331013.0,2312190.0
2021-09-25,414711.0,351111.0,2070192.0
2021-09-26,442200.0,314025.0,2203461.0
2021-09-27,568920.0,326196.0,2202336.0
2021-09-28,635395.0,315442.0,2098425.0
2021-09-29,522110.0,331073.0,2143499.0
2021-09-30,730017.0,318389.0,2383460.0
2021-10-01,583675.0,350446.0,2488089.0
2021-10-02,638495.0,348070.0,2320448.0
2021-10-03,509168.0,343416.0,2348881.0
2021-10-04,701193.0,316129.0,2595208.0
2021-10-05,707555.0,374347.0,2509666.0
2021-10-06,528433.0,388581.0,2444236.0
2021-10-07,734677.0,427705.0,2725596.0
2021-10-08,613233.0,410152.0,2501427.0
2021-10-09,693036.0,384641.0,2364992.0
2021-10-10,501712.0,361118.0,2431804.0
2021-10-11,674423.0,367864.0,2459635.0
2021-10-12,603338.0,367585.0,2442352.0
2021-10-13,663879.0,349852.0,2841755.0
2021-10-14,657719.0,367986.0,2915148.0
2021-10-15,615306.0,376497.0,2677129.0
2021-10-16,587417.0,381390.0,2518835.0
2021-10-17,534843.0,371748.0,2546563.0
2021-10-18,637555.0,378175.0,2949717.0
2021-10-19,721611.0,398467.0,3032536.0
2021-10-20,593117.0,418591.0,2693563.0
2021-10-21,764735.0,414550.0,2682473.0
2021-10-22,639107.0,409035.0,2526475.0
2021-10-23,490514.0,432038.0,2244007.0
2021-10-24,443724.0,415541.0,2374102.0
2021-10-25,732133.0,401111.0,2645301.0
2021-10-26,639939.0,412249.0,2836713.0
2021-10-27,616582.0,407211.0,2986978.0
2021-10-28,696355.0,481823.0,3141017.0
2021-10-29,635604.0,471186.0,3181195.0
2021-10-30,543723.0,424349.0,3128767.0
2021-10-31,568326.0,402701.0,3147101.0
2021-11-01,704207.0,420416.0,3351133.0
2021-11-02,658574.0,448844.0,3563637.0
2021-11-03,691976.0,458627.0,3461088.0
2021-11-04,642854.0,440927.0,4097712.0
2021-11-05,693097.0,424341.0,3357197.0
2021-11-06,485518.0,409209.0,3113157.0
2021-11-07,530254.0,418055.0,3233258.0
2021-11-08,595805.0,436066.0,3792310.0
2021-11-09,800188.0,412746.0,3842408.0
2021-11-10,640725.0,465484.0,3971951.0
2021-11-11,682242.0,446958.0,3920661.0
2021-11-12,610669.0,449362.0,3784071.0
2021-11-13,494032.0,444501.0,3743141.0
2021-11-14,481343.0,443249.0,3810529.0
2021-11-15,714142.0,402721.0,4298264.0
2021-11-16,674741.0,407120.0,3792347.0
2021-11-17,655882.0,495568.0,3497327.0
2021-11-18,620260.0,399188.0,3558112.0
2021-11-19,595747.0,418879.0,3732513.0
2021-11-20,512672.0,357009.0,3116639.0
2021-11-21,545650.0,423486.0,3193060.0
2021-11-22,575378.0,359177.0,3434930.0
2021-11-23,533800.0,380226.0,3464815.0
2021-11-24,682923.0,402379.0,3665587.0
2021-11-25,554218.0,395704.0,3787015.0
2021-11-26,611381.0,402921.0,3757481.0
2021-11-27,441897.0,362626.0,3443939.0
2021-11-28,490196.0,346802.0,3362732.0
2021-11-29,604946.0,395718.0,3642967.0
2021-11-30,567666.0,416064.0,3846063.0
2021-12-01,663962.0,377416.0,4253978.0
2021-12-02,780862.0,407935.0,3685599.0
2021-12-03,622335.0,372444.0,3627295.0
2021-12-04,565030.0,354262.0,3338818.0
2021-12-05,619816.0,639158.0,3167127.0
2021-12-06,693891.0,394730.0,3373325.0
2021-12-07,607163.0,391076.0,3208233.0
2021-12-08,552794.0,441894.0,3441570.0
2021-12-09,744214.0,403538.0,3133483.0
2021-12-10,535561.0,410567.0,3218889.0
2021-12-11,462950.0,385792.0,2627988.0
2021-12-12,404546.0,387187.0,2607710.0
2021-12-13,598374.0,405178.0,2917047.0
2021-12-14,590269.0,398524.0,3218264.0
2021-12-15,671968.0,400595.0,3125894.0
2021-12-16,499353.0,403697.0,3054326.0
2021-12-17,632534.0,410326.0,2901721.0
2021-12-18,521238.0,371166.0,2619086.0
2021-12-19,401860.0,376920.0,2555952.0
2021-12-20,637208.0,392272.0,3051861.0
2021-12-21,617192.0,368792.0,3227851.0
2021-12-22,621027.0,421174.0,2901044.0
2021-12-23,594155.0,398961.0,2768553.0
2021-12-24,615925.0,437936.0,2992455.0
2021-12-25,553062.0,446246.0,2305826.0
2021-12-26,435212.0,396130.0,2437274.0
2021-12-27,613998.0,398428.0,2807923.0
2021-12-28,648208.0,388622.0,2718735.0
2021-12-29,746144.0,373148.0,2750954.0
2021-12-30,580465.0,401348.0,2902621.0
2021-12-31,743809.0,375011.0,2745565.0
2022-01-01,407740.0,389038.0,2419621.0
2022-01-02,440204.0,346117.0,2789716.0
2022-01-03,597995.0,372148.0,3079122.0
2022-01-04,613260.0,385173.0,3090387.0
2022-01-05,645500.0,382492.0,3221929.0
2022-01-06,595036.0,390833.0,3149982.0
2022-01-07,625745.0,383337.0,2914920.0
2022-01-08,502246.0,378028.0,2553643.0
2022-01-09,441725.0,334508.0,2532750.0
2022-01-10,618167.0,341888.0,2840948.0
2022-01-11,614133.0,384376.0,2758620.0
2022-01-12,633468.0,433690.0,2805787.0
2022-01-13,580632.0,425328.0,2776002.0
2022-01-14,633676.0,393989.0,2762101.0
2022-01-15,483029.0,396281.0,2878228.0
2022-01-16,453227.0,384632.0,2838733.0
2022-01-17,632540.0,382184.0,3043180.0
2022-01-18,568250.0,372855.0,3001146.0
2022-01-19,605477.0,391255.0,2756041.0
2022-01-20,589523.0,382691.0,2895923.0
2022-01-21,637589.0,351692.0,2681878.0
2022-01-22,652382.0,372390.0,2537132.0
2022-01-23,455652.0,348868.0,2419805.0
2022-01-24,644179.0,350404.0,2575791.0
2022-01-25,558579.0,357347.0,2786003.0
2022-01-26,543187.0,347415.0,2842732.0
2022-01-27,578187.0,334285.0,2745863.0
2022-01-28,601548.0,355676.0,2592359.0
2022-01-29,507313.0,351482.0,2500825.0
2022-01-30,472910.0,375441.0,2507879.0
2022-01-31,641752.0,382260.0,2582132.0
2022-02-01,698421.0,380100.0,2590214.0
2022-02-02,631077.0,363934.0,2463733.0
2022-02-03,597986.0,353140.0,2418961.0
2022-02-04,511165.0,392020.0,2429495.0
2022-02-05,580355.0,432833.0,2459067.0
2022-02-06,610218.0,409977.0,2459814.0
2022-02-07,571390.0,381064.0,2800294.0
2022-02-08,652701.0,393467.0,2923814.0
2022-02-09,644050.0,402032.0,2828080.0
2022-02-10,653242.0,408319.0,2893096.0
2022-02-11,605628.0,410599.0,2767321.0
2022-02-12,764490.0,401038.0,2454419.0
2022-02-13,490192.0,409309.0,2447581.0
2022-02-14,567650.0,412601.0,2846738.0
2022-02-15,667662.0,399049.0,2926565.0
2022-02-16,573431.0,375880.0,2889174.0
2022-02-17,576189.0,370088.0,2670062.0
2022-02-18,593101.0,336746.0,2614822.0
2022-02-19,561199.0,365462.0,2530897.0
2022-02-20,443402.0,380288.0,2537510.0
2022-02-21,540265.0,346239.0,2591365.0
2022-02-22,571303.0,353343.0,2912822.0
2022-02-23,541050.0,369067.0,2803128.0
2022-02-24,604807.0,383548.0,2642983.0
2022-02-25,591087.0,387574.0,2624291.0
2022-02-26,506437.0,420704.0,2429182.0
2022-02-27,474072.0,392960.0,2401326.0
2022-02-28,609520.0,370102.0,2702832.0
2022-03-01,665431.0,396329.0,2920785.0
2022-03-02,702614.0,417288.0,2817911.0
2022-03-03,649521.0,407265.0,2772962.0
2022-03-04,614224.0,400562.0,2790056.0
2022-03-05,498560.0,379995.0,2686526.0
2022-03-06,480715.0,399753.0,2590045.0
2022-03-07,584169.0,401799.0,2707928.0
2022-03-08,622921.0,461356.0,2548503.0
2022-03-09,579433.0,443130.0,2695754.0
2022-03-10,645058.0,517171.0,2559025.0
2022-03-11,562780.0,404445.0,2431020.0
2022-03-12,493512.0,417107.0,2331507.0
2022-03-13,464439.0,377735.0,2290408.0
2022-03-14,585037.0,383275.0,2577139.0
2022-03-15,589767.0,449255.0,2606553.0
2022-03-16,636435.0,508763.0,2687433.0
2022-03-17,643515.0,390340.0,2653397.0
2022-03-18,609944.0,512405.0,2552338.0
2022-03-19,544950.0,417429.0,2510950.0
2022-03-20,465579.0,404042.0,2456821.0
2022-03-21,593756.0,439183.0,2561142.0
2022-03-22,558149.0,475032.0,2663762.0
2022-03-23,613356.0,421171.0,2685352.0
2022-03-24,587098.0,402108.0,2849006.0
2022-03-25,692196.0,393280.0,2655595.0
2022-03-26,495174.0,409809.0,2752371.0
2022-03-27,487726.0,399342.0,2475148.0
2022-03-28,678495.0,409119.0,2791173.0
2022-03-29,597147.0,404383.0,2744952.0
2022-03-30,585308.0,390035.0,2750007.0
2022-03-31,581964.0,392349.0,2722312.0
2022-04-01,655946.0,372565.0,2779314.0
2022-04-02,589777.0,347212.0,2869781.0
2022-04-03,493848.0,335668.0,2645190.0
2022-04-04,618212.0,330193.0,2833228.0
2022-04-05,577205.0,346548.0,2764393.0
2022-04-06,581823.0,356033.0,2717164.0
2022-04-07,599419.0,348898.0,2619941.0
2022-04-08,559100.0,341327.0,2584959.0
2022-04-09,489414.0,366952.0,2392801.0
2022-04-10,458129.0,375202.0,2409487.0
2022-04-11,623148.0,357831.0,2682737.0
2022-04-12,639133.0,345723.0,2662955.0
2022-04-13,601158.0,327438.0,2655580.0
2022-04-14,573466.0,373881.0,2587028.0
2022-04-15,538319.0,363661.0,2755648.0
2022-04-16,470989.0,363980.0,2498196.0
2022-04-17,449959.0,353496.0,2436112.0
2022-04-18,607074.0,361714.0,2741259.0
2022-04-19,584844.0,461622.0,2978881.0
2022-04-20,616587.0,468930.0,3243854.0
2022-04-21,626813.0,354793.0,3185593.0
2022-04-22,586226.0,381020.0,2883766.0
2022-04-23,538666.0,358837.0,2833614.0
2022-04-24,509892.0,377916.0,2770243.0
2022-04-25,659031.0,372166.0,3117949.0
2022-04-26,602182.0,373745.0,3088746.0
2022-04-27,617090.0,386551.0,3050421.0
2022-04-28,634475.0,384884.0,2844763.0
2022-04-29,667702.0,373172.0,2997879.0
2022-04-30,598982.0,393070.0,2954611.0
2022-05-01,491049.0,337577.0,2659058.0
2022-05-02,608723.0,324322.0,2779259.0
2022-05-03,579049.0,320952.0,2698024.0
2022-05-04,498281.0,362337.0,3005481.0
2022-05-05,713514.0,402499.0,3177267.0
2022-05-06,698045.0,366294.0,3059814.0
2022-05-07,490498.0,358183.0,2782077.0
2022-05-08,512881.0,381063.0,2633278.0
2022-05-09,652995.0,381269.0,2910098.0
2022-05-10,595610.0,390368.0,2870677.0
2022-05-11,590438.0,334283.0,3130434.0
2022-05-12,595440.0,459105.0,3059607.0
2022-05-13,599410.0,486170.0,2975320.0
2022-05-14,688565.0,378977.0,3005232.0
2022-05-15,702338.0,369835.0,2719220.0
2022-05-16,769702.0,386044.0,3009732.0
2022-05-17,699965.0,375065.0,2920388.0
2022-05-18,576756.0,430868.0,2839750.0
2022-05-19,557201.0,364452.0,2800235.0
2022-05-20,618004.0,355601.0,2741284.0
2022-05-21,485695.0,372915.0,2722930.0
2022-05-22,470715.0,355743.0,2664968.0
2022-05-23,622007.0,351174.0,3270159.0
2022-05-24,508212.0,368846.0,2946325.0
2022-05-25,688691.0,341172.0,3007411.0
2022-05-26,577492.0,308630.0,3009594.0
2022-05-27,591137.0,327166.0,2906491.0
2022-05-28,497491.0,369918.0,2641203.0
2022-05-29,476720.0,356747.0,2824339.0
2022-05-30,622660.0,308159.0,3213729.0
2022-05-31,663363.0,371247.0,3085537.0
2022-06-01,603783.0,331802.0,3146324.0
2022-06-02,606347.0,301521.0,2882841.0
2022-06-03,610508.0,304806.0,2679208.0
2022-06-04,488243.0,297796.0,2659713.0
2022-06-05,467676.0,292814.0,2671949.0
2022-06-06,634206.0,321049.0,3058283.0
2022-06-07,638562.0,308076.0,3032543.0
2022-06-08,581728.0,289253.0,3173651.0
2022-06-09,602315.0,313096.0,3108478.0
2022-06-10,570169.0,342172.0,3233998.0
2022-06-11,550314.0,332840.0,3000155.0
2022-06-12,476434.0,308680.0,2913713.0
2022-06-13,568023.0,309211.0,3388140.0
2022-06-14,708773.0,311154.0,3459286.0
2022-06-15,710235.0,313687.0,3224111.0
2022-06-16,568757.0,350103.0,3007853.0
2022-06-17,531751.0,368191.0,3019389.0
2022-06-18,606476.0,321103.0,3141756.0
2022-06-19,471104.0,326871.0,3214512.0
2022-06-20,519126.0,328158.0,3552468.0
2022-06-21,603999.0,325260.0,3488563.0
2022-06-22,571283.0,314906.0,3543934.0
2022-06-23,559011.0,311737.0,3547358.0
2022-06-24,560660.0,333055.0,3645441.0
2022-06-25,462903.0,287196.0,3503801.0
2022-06-26,419032.0,273250.0,3407195.0
2022-06-27,656999.0,324777.0,3296575.0
2022-06-28,589735.0,302895.0,3423048.0
2022-06-29,607375.0,301188.0,3223987.0
2022-06-30,632639.0,308373.0,3374669.0
2022-07-01,575253.0,363557.0,3362664.0
2022-07-02,539383.0,386864.0,2970093.0
2022-07-03,453546.0,357099.0,2841040.0
2022-07-04,546961.0,351970.0,2938894.0
2022-07-05,529745.0,355005.0,3164769.0
2022-07-06,613213.0,358403.0,3136187.0
2022-07-07,684492.0,376010.0,2972407.0
2022-07-08,619337.0,360985.0,2995016.0
2022-07-09,503440.0,369269.0,2762014.0
2022-07-10,453586.0,369132.0,2694108.0
2022-07-11,517379.0,343315.0,3181956.0
2022-07-12,636229.0,350840.0,3254649.0
2022-07-13,451217.0,383340.0,3095273.0
2022-07-14,631042.0,402674.0,3058552.0
2022-07-15,631279.0,433317.0,3103704.0
2022-07-16,509350.0,478280.0,2814043.0
2022-07-17,471667.0,442054.0,2743980.0
2022-07-18,554157.0,389746.0,3038831.0
2022-07-19,679387.0,372987.0,2993164.0
2022-07-20,575143.0,385997.0,3241480.0
2022-07-21,638979.0,399528.0,2981574.0
2022-07-22,524654.0,421068.0,2862400.0
2022-07-23,496480.0,383557.0,2794344.0
2022-07-24,462898.0,379100.0,2771253.0
2022-07-25,598709.0,496276.0,2879329.0
2022-07-26,656179.0,947791.0,2875668.0
2022-07-27,569488.0,407894.0,2910134.0
2022-07-28,685062.0,386717.0,2896126.0
2022-07-29,621093.0,416311.0,2876259.0
2022-07-30,504561.0,423053.0,2759054.0
2022-07-31,495725.0,420051.0,2829699.0
2022-08-01,609272.0,557171.0,2877040.0
2022-08-02,615382.0,424853.0,2863324.0
2022-08-03,636882.0,445718.0,3247551.0
2022-08-04,604095.0,722901.0,3028230.0
2022-08-05,588244.0,438502.0,3041193.0
2022-08-06,577170.0,439390.0,2866639.0
2022-08-07,459222.0,441159.0,2680268.0
2022-08-08,586744.0,397963.0,2866778.0
2022-08-09,615977.0,374237.0,2834686.0
2022-08-10,711286.0,382477.0,3074769.0
2022-08-11,658089.0,353415.0,2865878.0
2022-08-12,634366.0,384968.0,2826058.0
2022-08-13,524259.0,384100.0,2847308.0
2022-08-14,551782.0,370400.0,2622801.0
2022-08-15,605510.0,357538.0,2746608.0
2022-08-16,688975.0,382850.0,2830063.0
2022-08-17,569041.0,392990.0,2917314.0
2022-08-18,685634.0,405711.0,2783375.0
2022-08-19,648617.0,360925.0,2649891.0
2022-08-20,540817.0,355499.0,2500657.0
2022-08-21,490847.0,378171.0,2439094.0
2022-08-22,581738.0,351926.0,2890160.0
2022-08-23,642402.0,351334.0,2752497.0
2022-08-24,612666.0,355336.0,2643465.0
2022-08-25,609895.0,368173.0,2742165.0
2022-08-26,616370.0,348801.0,2737366.0
2022-08-27,553177.0,360171.0,2553694.0
2022-08-28,502614.0,347188.0,2416943.0
2022-08-29,639745.0,341682.0,2723371.0
2022-08-30,640236.0,327062.0,2829733.0
2022-08-31,610248.0,328428.0,2854159.0
2022-09-01,615848.0,352138.0,2849219.0
2022-09-02,604543.0,372319.0,2835252.0
2022-09-03,619173.0,395277.0,2742652.0
2022-09-04,513874.0,459993.0,2483514.0
2022-09-05,646363.0,394155.0,2696118.0
2022-09-06,615559.0,365542.0,3072391.0
2022-09-07,653911.0,344119.0,3235184.0
2022-09-08,617164.0,369037.0,3031958.0
2022-09-09,687778.0,385175.0,3016750.0
2022-09-10,578136.0,358597.0,2545448.0
2022-09-11,579287.0,358623.0,2410503.0
2022-09-12,684815.0,345522.0,2713456.0
2022-09-13,607927.0,372797.0,2637828.0
2022-09-14,652840.0,391038.0,2350185.0
2022-09-15,626993.0,432810.0,2533925.0
2022-09-16,554116.0,445765.0,2645710.0
2022-09-17,618902.0,566649.0,2248940.0
2022-09-18,509250.0,398239.0,2510111.0
2022-09-19,585747.0,374691.0,2890194.0
2022-09-20,670815.0,379633.0,2879592.0
2022-09-21,610865.0,364886.0,2937837.0
2022-09-22,549609.0,380759.0,2872685.0
2022-09-23,655150.0,394181.0,2934261.0
2022-09-24,526460.0,429727.0,2912161.0
2022-09-25,505791.0,390915.0,2870565.0
2022-09-26,640038.0,396632.0,3364311.0
2022-09-27,651953.0,455627.0,4117367.0
2022-09-28,574701.0,358438.0,3534415.0
2022-09-29,580080.0,387877.0,2978355.0
2022-09-30,663368.0,377786.0,3079186.0
2022-10-01,587458.0,366756.0,2693105.0
2022-10-02,563485.0,361755.0,2826324.0
2022-10-03,688838.0,345745.0,2778134.0
2022-10-04,641869.0,358991.0,2784921.0
2022-10-05,584996.0,381117.0,2969103.0
2022-10-06,620039.0,424049.0,2913102.0
2022-10-07,627574.0,409176.0,2731473.0
2022-10-08,519545.0,452040.0,2877181.0
2022-10-09,496163.0,476687.0,2792547.0
2022-10-10,626628.0,463904.0,3093403.0
2022-10-11,608739.0,444251.0,3725640.0
2022-10-12,574941.0,413331.0,4265881.0
2022-10-13,633437.0,377235.0,4261441.0
2022-10-14,642409.0,361004.0,3714600.0
2022-10-15,555917.0,393828.0,3324411.0
2022-10-16,484807.0,352169.0,3272922.0
2022-10-17,589305.0,337196.0,3491029.0
2022-10-18,555391.0,319952.0,3572153.0
2022-10-19,629003.0,332237.0,4227988.0
2022-10-20,595995.0,371725.0,3783966.0
2022-10-21,608414.0,368917.0,3468965.0
2022-10-22,532338.0,324115.0,3285026.0
2022-10-23,511158.0,345006.0,3150460.0
2022-10-24,621025.0,351686.0,3408151.0
2022-10-25,499649.0,340770.0,3466439.0
2022-10-26,742966.0,369826.0,3255916.0
2022-10-27,595770.0,384044.0,3380798.0
2022-10-28,622260.0,335931.0,3427029.0
2022-10-29,560275.0,337849.0,3267341.0
2022-10-30,548433.0,332618.0,3363233.0
2022-10-31,673400.0,348332.0,3691688.0
2022-11-01,662088.0,360510.0,3601418.0
2022-11-02,548241.0,323089.0,3476006.0
2022-11-03,674893.0,354309.0,3480651.0
2022-11-04,593641.0,318315.0,3506614.0
2022-11-05,627864.0,328111.0,3166499.0
2022-11-06,546465.0,302841.0,2952553.0
2022-11-07,598808.0,356532.0,3122137.0
2022-11-08,720804.0,334045.0,3306058.0
2022-11-09,674592.0,359330.0,3612931.0
2022-11-10,666158.0,340912.0,3565917.0
2022-11-11,602692.0,337914.0,3286922.0
2022-11-12,577634.0,330510.0,2967371.0
2022-11-13,543522.0,309284.0,2985430.0
2022-11-14,547774.0,345744.0,3276346.0
2022-11-15,592364.0,364805.0,3383724.0
2022-11-16,558561.0,359439.0,3548219.0
2022-11-17,503972.0,383074.0,3447813.0
2022-11-18,586667.0,350916.0,3144744.0
2022-11-19,777008.0,320207.0,3205527.0
2022-11-20,725055.0,293376.0,3103541.0
2022-11-21,656201.0,300004.0,3145147.0
2022-11-22,607405.0,305938.0,3304747.0
2022-11-23,694761.0,333170.0,3358257.0
2022-11-24,656169.0,364791.0,3394675.0
2022-11-25,638029.0,388427.0,3247033.0
2022-11-26,580175.0,361335.0,3089879.0
2022-11-27,574418.0,330104.0,3368301.0
2022-11-28,634054.0,426126.0,3779253.0
2022-11-29,657088.0,380563.0,3718826.0
2022-11-30,607068.0,333788.0,3689809.0
2022-12-01,687680.0,313645.0,3923110.0
2022-12-02,610252.0,378006.0,3748591.0
2022-12-03,606062.0,363951.0,3401026.0
2022-12-04,570047.0,395511.0,3205463.0
2022-12-05,665909.0,349133.0,3591082.0
2022-12-06,626961.0,349853.0,3377089.0
2022-12-07,634287.0,309350.0,3250185.0
2022-12-08,607403.0,310834.0,3716591.0
2022-12-09,627654.0,1360420.0,3577001.0
2022-12-10,639643.0,505270.0,5300938.0
2022-12-11,498822.0,458853.0,3317825.0
2022-12-12,612285.0,490469.0,3771468.0
2022-12-13,652643.0,357358.0,3347380.0
2022-12-14,615323.0,365232.0,3707289.0
2022-12-15,606502.0,369406.0,3154122.0
2022-12-16,523257.0,403343.0,2856839.0
2022-12-17,652934.0,344953.0,2680214.0
2022-12-18,533920.0,280685.0,2618813.0
2022-12-19,670739.0,328143.0,2885153.0
2022-12-20,643855.0,316072.0,2962779.0
2022-12-21,635483.0,370155.0,2820351.0
2022-12-22,606326.0,336338.0,2869987.0
2022-12-23,561040.0,347292.0,2837449.0
2022-12-24,451241.0,318674.0,2774461.0
2022-12-25,504229.0,307284.0,2787751.0
2022-12-26,521211.0,320248.0,2939357.0
2022-12-27,563922.0,336386.0,2759909.0
2022-12-28,615192.0,313350.0,2955325.0
2022-12-29,635077.0,301762.0,2951141.0
2022-12-30,753011.0,316735.0,2912093.0
2022-12-31,554194.0,282198.0,2899233.0
2023-01-01,468682.0,233072.0,2583322.0
2023-01-02,577316.0,278804.0,2741518.0
2023-01-03,682611.0,290569.0,2883085.0
2023-01-04,619620.0,338561.0,2872492.0
2023-01-05,622949.0,460279.0,3140237.0
2023-01-06,631995.0,326379.0,3164481.0
2023-01-07,515464.0,330635.0,2879469.0
2023-01-08,490034.0,589450.0,2971824.0
2023-01-09,654138.0,377170.0,3263331.0
2023-01-10,836225.0,348209.0,3013518.0
2023-01-11,618234.0,356277.0,2977534.0
2023-01-12,714498.0,362853.0,3009753.0
2023-01-13,735266.0,345913.0,3000289.0
2023-01-14,654830.0,375321.0,2773793.0
2023-01-15,499237.0,323792.0,2579119.0
2023-01-16,657407.0,350500.0,3185453.0
2023-01-17,693099.0,340640.0,2969633.0
2023-01-18,637357.0,402715.0,2910854.0
2023-01-19,613563.0,325876.0,3027691.0
2023-01-20,575783.0,335870.0,3113719.0
2023-01-21,569561.0,333867.0,3053304.0
2023-01-22,571641.0,291506.0,2897247.0
2023-01-23,633826.0,302687.0,3058526.0
2023-01-24,609065.0,320085.0,3133095.0
2023-01-25,623843.0,323494.0,3151088.0
2023-01-26,591232.0,342267.0,3183657.0
2023-01-27,605935.0,370187.0,3176713.0
2023-01-28,561419.0,315637.0,3039016.0
2023-01-29,535312.0,321387.0,3168636.0
2023-01-30,643097.0,361657.0,2993410.0
2023-01-31,598191.0,367687.0,3076138.0
2023-02-01,711422.0,349532.0,3052980.0
2023-02-02,661546.0,358895.0,3061483.0
2023-02-03,621471.0,335721.0,2888751.0
2023-02-04,635814.0,345635.0,2834625.0
2023-02-05,512275.0,356434.0,2697360.0
2023-02-06,578826.0,336969.0,2719870.0
2023-02-07,565005.0,353551.0,3037052.0
2023-02-08,584129.0,352436.0,3013103.0
2023-02-09,672826.0,331481.0,2883382.0
2023-02-10,519896.0,344018.0,2723404.0
2023-02-11,521548.0,315162.0,2506731.0
2023-02-12,532515.0,308212.0,2489655.0
2023-02-13,613401.0,349360.0,2795712.0
2023-02-14,543049.0,383192.0,2744583.0
2023-02-15,621571.0,371720.0,2851214.0
2023-02-16,753884.0,362526.0,2753747.0
2023-02-17,718137.0,342640.0,2786569.0
2023-02-18,736779.0,322805.0,2667597.0
2023-02-19,644636.0,310981.0,2626536.0
2023-02-20,604906.0,336826.0,2783235.0
2023-02-21,720145.0,359987.0,2887175.0
2023-02-22,593556.0,352964.0,2954928.0
2023-02-23,773434.0,397577.0,3083716.0
2023-02-24,607582.0,411579.0,3096071.0
2023-02-25,477129.0,377884.0,2948140.0
2023-02-26,606518.0,376614.0,2920313.0
2023-02-27,636870.0,372876.0,3320792.0
2023-02-28,601899.0,343987.0,3491470.0
2023-03-01,681504.0,354634.0,3697624.0
2023-03-02,560785.0,379528.0,3799460.0
2023-03-03,686021.0,365520.0,3351474.0
2023-03-04,561704.0,314814.0,3050100.0
2023-03-05,692084.0,301696.0,3031546.0
2023-03-06,578176.0,331683.0,3151555.0
2023-03-07,696951.0,327713.0,3104541.0
2023-03-08,559324.0,325743.0,3091701.0
2023-03-09,549949.0,346287.0,3266887.0
2023-03-10,585337.0,341542.0,3305873.0
2023-03-11,609467.0,306713.0,3134810.0
2023-03-12,587100.0,329496.0,2961280.0
2023-03-13,627397.0,460785.0,3281441.0
2023-03-14,650241.0,385030.0,3226774.0
2023-03-15,621477.0,379407.0,3229722.0
2023-03-16,530308.0,345025.0,3345635.0
2023-03-17,669030.0,371384.0,3331135.0
2023-03-18,614310.0,356998.0,3095936.0
2023-03-19,520794.0,330822.0,3013706.0
2023-03-20,660813.0,395173.0,3359655.0
2023-03-21,632244.0,379370.0,3318088.0
2023-03-22,569923.0,372009.0,3725733.0
2023-03-23,548518.0,376969.0,3567462.0
2023-03-24,504593.0,366002.0,3653102.0
2023-03-25,562489.0,355438.0,3266353.0
2023-03-26,520456.0,332961.0,3099189.0
2023-03-27,694743.0,357692.0,3367900.0
2023-03-28,625762.0,411793.0,3830853.0
2023-03-29,622881.0,427691.0,3821192.0
2023-03-30,659268.0,435522.0,3480710.0
2023-03-31,648880.0,406662.0,3526471.0
2023-04-01,668805.0,358652.0,3282759.0
2023-04-02,694023.0,334235.0,3118019.0
2023-04-03,617644.0,348764.0,3480480.0
2023-04-04,721144.0,365923.0,3468871.0
2023-04-05,576830.0,394427.0,3439235.0
2023-04-06,636291.0,351518.0,3576468.0
2023-04-07,589936.0,378244.0,3435251.0
2023-04-08,535324.0,319521.0,3205008.0
2023-04-09,649210.0,312274.0,3139292.0
2023-04-10,623752.0,371313.0,3408090.0
2023-04-11,800969.0,392674.0,4249660.0
2023-04-12,718731.0,367529.0,4336558.0
2023-04-13,684535.0,435209.0,3448693.0
2023-04-14,665432.0,455640.0,3378838.0
2023-04-15,745372.0,449021.0,3185153.0
2023-04-16,555758.0,304311.0,3043043.0
2023-04-17,670039.0,306759.0,3425138.0
2023-04-18,832644.0,306111.0,3439867.0
2023-04-19,658408.0,287177.0,3488754.0
2023-04-20,611415.0,305694.0,3282871.0
2023-04-21,675860.0,325598.0,3295010.0
2023-04-22,611542.0,261802.0,3050200.0
2023-04-23,551513.0,245259.0,3005864.0
2023-04-24,673918.0,282137.0,3358081.0
2023-04-25,572863.0,314627.0,3604232.0
2023-04-26,527011.0,306284.0,3526306.0
2023-04-27,534703.0,305600.0,3751840.0
2023-04-28,580036.0,317070.0,3687737.0
2023-04-29,475629.0,287820.0,3368626.0
2023-04-30,452661.0,288337.0,3393103.0
2023-05-01,576061.0,295018.0,3578242.0
2023-05-02,462047.0,305453.0,3696338.0
2023-05-03,578918.0,334939.0,3835183.0
2023-05-04,543110.0,314659.0,3849102.0
2023-05-05,442646.0,344592.0,3860793.0
2023-05-06,418056.0,296282.0,3668952.0
2023-05-07,290815.0,283900.0,3483723.0
2023-05-08,369431.0,322357.0,4301886.0
2023-05-09,439250.0,327419.0,3776670.0
2023-05-10,535557.0,305781.0,3839465.0
2023-05-11,498347.0,296958.0,4196032.0
2023-05-12,465960.0,329564.0,3878825.0
2023-05-13,406435.0,336341.0,3781542.0
2023-05-14,541374.0,341598.0,3645347.0
2023-05-15,500545.0,343210.0,3975008.0
2023-05-16,490260.0,324709.0,3947008.0
2023-05-17,511585.0,324019.0,4649693.0
2023-05-18,493030.0,309937.0,4154381.0
2023-05-19,539027.0,335656.0,4079541.0
2023-05-20,449687.0,395597.0,3719763.0
2023-05-21,500707.0,354972.0,3688572.0
2023-05-22,519416.0,327398.0,3885133.0
2023-05-23,540428.0,332835.0,3699779.0
2023-05-24,547421.0,330079.0,3691367.0
2023-05-25,579433.0,335996.0,3594548.0
2023-05-26,610800.0,341770.0,3624405.0
2023-05-27,586708.0,340630.0,3414032.0
2023-05-28,604276.0,299866.0,3269665.0
2023-05-29,587616.0,337773.0,3264531.0
2023-05-30,626384.0,382824.0,3602349.0
2023-05-31,599632.0,368916.0,4118722.0
2023-06-01,575396.0,321665.0,4260946.0
2023-06-02,637482.0,391195.0,4065344.0
2023-06-03,551457.0,352048.0,3891561.0
2023-06-04,614730.0,324060.0,3756111.0
2023-06-05,555001.0,408967.0,4289304.0
2023-06-06,591322.0,362974.0,4316279.0
2023-06-07,614524.0,365222.0,4231186.0
2023-06-08,624806.0,320319.0,4359719.0
2023-06-09,681640.0,338600.0,4301310.0
2023-06-10,603397.0,430630.0,4409303.0
2023-06-11,604896.0,476191.0,4360986.0
2023-06-12,668802.0,336912.0,4941494.0
2023-06-13,620910.0,328380.0,5330434.0
2023-06-14,523450.0,364713.0,5781767.0
2023-06-15,590322.0,415920.0,4975461.0
2023-06-16,598033.0,406589.0,5258543.0
2023-06-17,557434.0,366144.0,4643678.0
2023-06-18,629202.0,359993.0,4933190.0
2023-06-19,624690.0,372186.0,4990611.0
2023-06-20,635436.0,325738.0,4524378.0
2023-06-21,577738.0,367385.0,4484630.0
2023-06-22,689531.0,341769.0,4392813.0
2023-06-23,611122.0,368529.0,4777602.0
2023-06-24,721381.0,313226.0,4660265.0
2023-06-25,681008.0,294818.0,3516324.0
2023-06-26,707840.0,326487.0,3861883.0
2023-06-27,641312.0,332671.0,4045232.0
2023-06-28,515251.0,347955.0,4205815.0
2023-06-29,656299.0,307731.0,5211734.0
2023-06-30,715008.0,376488.0,4394575.0
2023-07-01,630876.0,323757.0,3874691.0
2023-07-02,755245.0,284695.0,3771075.0
2023-07-03,634183.0,328398.0,4100909.0
2023-07-04,659095.0,293360.0,4172791.0
2023-07-05,651495.0,228499.0,4012183.0
2023-07-06,638134.0,257703.0,3803440.0
2023-07-07,710226.0,288295.0,3917569.0
2023-07-08,716851.0,292920.0,3875339.0
2023-07-09,709889.0,286272.0,3997535.0
2023-07-10,618501.0,348680.0,4150881.0
2023-07-11,627832.0,361149.0,4579319.0
2023-07-12,637348.0,314988.0,4370030.0
2023-07-13,545838.0,335071.0,4288239.0
2023-07-14,653459.0,375789.0,4505922.0
2023-07-15,621766.0,308174.0,3529066.0
2023-07-16,641605.0,278183.0,3363126.0
2023-07-17,631460.0,288898.0,3342911.0
2023-07-18,692991.0,375894.0,3388751.0
2023-07-19,643347.0,343273.0,4392870.0
2023-07-20,575676.0,303208.0,3445986.0
2023-07-21,528381.0,329025.0,3718943.0
2023-07-22,645906.0,302060.0,3285644.0
2023-07-23,623229.0,296007.0,3029050.0
2023-07-24,640080.0,299407.0,3440723.0
2023-07-25,630733.0,279890.0,3601926.0
2023-07-26,706889.0,302793.0,3516820.0
2023-07-27,617124.0,294270.0,3443039.0
2023-07-28,631795.0,305565.0,3458779.0
2023-07-29,580852.0,300554.0,3346861.0
2023-07-30,725865.0,313960.0,3440040.0
2023-07-31,605627.0,365390.0,3906969.0
2023-08-01,654050.0,309219.0,3749468.0
2023-08-02,748771.0,313361.0,3697581.0
2023-08-03,694768.0,333400.0,3636357.0
2023-08-04,568601.0,359222.0,3548460.0
2023-08-05,661232.0,306833.0,3160735.0
2023-08-06,701587.0,288940.0,3168035.0
2023-08-07,618378.0,301329.0,3342860.0
2023-08-08,553904.0,313922.0,3454038.0
2023-08-09,719324.0,362576.0,3568746.0
2023-08-10,572810.0,317071.0,3361499.0
2023-08-11,661032.0,340890.0,3317697.0
2023-08-12,643322.0,301665.0,3290576.0
2023-08-13,606513.0,288492.0,3179121.0
2023-08-14,693787.0,321244.0,3441988.0
2023-08-15,741282.0,333463.0,3405239.0
2023-08-16,654123.0,314156.0,3277785.0
2023-08-17,713589.0,319489.0,3166715.0
2023-08-18,616056.0,349381.0,3023718.0
2023-08-19,594905.0,377056.0,2609017.0
2023-08-20,667583.0,304820.0,2506809.0
2023-08-21,648091.0,298761.0,2712692.0
2023-08-22,632115.0,301548.0,2663341.0
2023-08-23,618508.0,311207.0,2719230.0
2023-08-24,661600.0,318853.0,2818483.0
2023-08-25,614369.0,298814.0,2702187.0
2023-08-26,610140.0,347003.0,2586310.0
2023-08-27,551067.0,302431.0,2527420.0
2023-08-28,568779.0,276240.0,2681801.0
2023-08-29,715320.0,305243.0,2761923.0
2023-08-30,543491.0,333842.0,2731166.0
2023-08-31,636529.0,312390.0,2804678.0
2023-09-01,666407.0,332707.0,2835235.0
2023-09-02,646754.0,399392.0,2706759.0
2023-09-03,574454.0,417882.0,2586021.0
2023-09-04,575392.0,289051.0,2804477.0
2023-09-05,580658.0,319002.0,2783087.0
2023-09-06,691456.0,356198.0,2808163.0
2023-09-07,685124.0,323565.0,2872114.0
2023-09-08,650495.0,318991.0,2793299.0
2023-09-09,773913.0,302805.0,2557291.0
2023-09-10,707765.0,272216.0,2486064.0
2023-09-11,809314.0,359955.0,2830935.0
2023-09-12,715538.0,437316.0,2793733.0
2023-09-13,747232.0,1019523.0,2814007.0
2023-09-14,799876.0,381780.0,2851802.0
2023-09-15,876532.0,320570.0,2964875.0
2023-09-16,720427.0,301622.0,2660969.0
2023-09-17,717940.0,291956.0,2736383.0
2023-09-18,790784.0,314495.0,2992029.0
2023-09-19,707070.0,318653.0,3065638.0
2023-09-20,719945.0,322856.0,2965194.0
2023-09-21,774823.0,463144.0,2902561.0
2023-09-22,657631.0,327716.0,2920426.0
2023-09-23,769779.0,298956.0,2960723.0
2023-09-24,771573.0,291388.0,2967611.0
2023-09-25,780844.0,314526.0,3231341.0
2023-09-26,713635.0,336330.0,3417939.0
2023-09-27,772012.0,333689.0,3363233.0
2023-09-28,704859.0,349248.0,3518376.0
2023-09-29,708933.0,344381.0,2963693.0
2023-09-30,700341.0,317148.0,2852252.0
2023-10-01,619533.0,301185.0,2776190.0
2023-10-02,694038.0,302633.0,3085064.0
2023-10-03,768249.0,314775.0,2896876.0
2023-10-04,571988.0,321098.0,3042054.0
2023-10-05,630376.0,308578.0,2948650.0
2023-10-06,583607.0,331561.0,2964749.0
2023-10-07,562619.0,342838.0,2829969.0
2023-10-08,505940.0,300235.0,2822752.0
2023-10-09,674495.0,315265.0,3010970.0
2023-10-10,606039.0,310827.0,3001294.0
2023-10-11,558230.0,334676.0,3015223.0
2023-10-12,587688.0,327814.0,3072039.0
2023-10-13,601436.0,318268.0,3055223.0
2023-10-14,535547.0,286706.0,2782385.0
2023-10-15,482031.0,308932.0,2854885.0
2023-10-16,710792.0,327335.0,3250831.0
2023-10-17,612055.0,322486.0,3299358.0
2023-10-18,632136.0,313096.0,3263756.0
2023-10-19,598926.0,299730.0,3786798.0
2023-10-20,599514.0,354240.0,3617330.0
2023-10-21,565875.0,304294.0,3513425.0
2023-10-22,519228.0,307901.0,2988613.0
2023-10-23,733545.0,324847.0,3256607.0
2023-10-24,632513.0,342105.0,3396038.0
2023-10-25,719632.0,323161.0,3401321.0
2023-10-26,735902.0,335590.0,3274825.0
2023-10-27,711489.0,314321.0,3210536.0
2023-10-28,699986.0,306496.0,3180409.0
2023-10-29,602384.0,311337.0,3203727.0
2023-10-30,779457.0,328612.0,3354690.0
2023-10-31,720971.0,324905.0,3442810.0
2023-11-01,682356.0,324030.0,3458197.0
2023-11-02,686998.0,317644.0,3409259.0
2023-11-03,581886.0,330272.0,3456549.0
2023-11-04,718048.0,298032.0,3148671.0
2023-11-05,778286.0,297481.0,3072262.0
2023-11-06,643765.0,312818.0,3201785.0
2023-11-07,590517.0,320303.0,3249671.0
2023-11-08,620220.0,313015.0,3247029.0
2023-11-09,616712.0,355131.0,3288941.0
2023-11-10,716316.0,371206.0,3359347.0
2023-11-11,713763.0,326144.0,3373045.0
2023-11-12,666904.0,309980.0,3175295.0
2023-11-13,631569.0,295728.0,3527145.0
2023-11-14,609552.0,296935.0,3432132.0
2023-11-15,605367.0,314340.0,3476302.0
2023-11-16,579078.0,323883.0,3509561.0
2023-11-17,645823.0,313510.0,3510151.0
2023-11-18,554102.0,301524.0,3113573.0
2023-11-19,652595.0,303596.0,3170862.0
2023-11-20,741094.0,359693.0,3283112.0
2023-11-21,663997.0,338193.0,3369159.0
2023-11-22,608915.0,344798.0,3507761.0
2023-11-23,630485.0,345438.0,3386143.0
2023-11-24,777181.0,333948.0,3470594.0
2023-11-25,719426.0,304224.0,3138907.0
2023-11-26,694119.0,300373.0,3082225.0
2023-11-27,656456.0,302384.0,3357016.0
2023-11-28,664405.0,310711.0,3310854.0
2023-11-29,601959.0,314769.0,3464069.0
2023-11-30,599522.0,322256.0,3608152.0
2023-12-01,719708.0,338973.0,3710142.0
2023-12-02,494968.0,317432.0,3255878.0
2023-12-03,591328.0,317349.0,3268159.0
2023-12-04,663801.0,361926.0,3625951.0
2023-12-05,519625.0,349888.0,3666250.0
2023-12-06,497077.0,343840.0,3747197.0
2023-12-07,544239.0,372885.0,3632328.0
2023-12-08,583084.0,388988.0,3629461.0
2023-12-09,597608.0,363584.0,3575918.0
2023-12-10,540595.0,348470.0,3397131.0
2023-12-11,678970.0,328118.0,3664368.0
2023-12-12,548861.0,327299.0,3704246.0
2023-12-13,423396.0,317144.0,3594019.0
2023-12-14,377858.0,343930.0,3758065.0
2023-12-15,521831.0,339740.0,3988491.0
2023-12-16,430674.0,308027.0,3516675.0
2023-12-17,434538.0,328276.0,3516301.0
2023-12-18,613496.0,346654.0,3810499.0
2023-12-19,513603.0,372530.0,3935833.0
2023-12-20,482350.0,416884.0,3957717.0
2023-12-21,488161.0,426440.0,4158277.0
2023-12-22,664527.0,422607.0,3982530.0
2023-12-23,592630.0,366783.0,3752627.0
2023-12-24,621090.0,373519.0,3782631.0
2023-12-25,459464.0,359760.0,3948718.0
2023-12-26,474589.0,368428.0,4322784.0
2023-12-27,474026.0,373198.0,4726889.0
2023-12-28,534031.0,408234.0,5461304.0
2023-12-29,579806.0,350431.0,6472761.0
2023-12-30,511334.0,368343.0,6662918.0
2023-12-31,517296.0,350337.0,5573204.0
2024-01-01,564117.0,413568.0,4666610.0
2024-01-02,568356.0,383353.0,5145177.0
2024-01-03,630782.0,341860.0,5367262.0
2024-01-04,683139.0,348298.0,5798582.0
2024-01-05,489645.0,341721.0,5345729.0
2024-01-06,515737.0,325173.0,5019360.0
2024-01-07,442516.0,398135.0,5076620.0
2024-01-08,451865.0,361136.0,5642503.0
2024-01-09,597722.0,366943.0,6227656.0
2024-01-10,537347.0,502028.0,6153860.0
2024-01-11,648804.0,454045.0,6149265.0
2024-01-12,696865.0,442578.0,6025321.0
2024-01-13,522430.0,347724.0,6104898.0
2024-01-14,456740.0,267211.0,5667220.0
2024-01-15,498970.0,345192.0,6232521.0
2024-01-16,505452.0,327146.0,6439097.0
2024-01-17,513859.0,335040.0,5846617.0
2024-01-18,602106.0,357736.0,5557689.0
2024-01-19,503773.0,379796.0,6023878.0
2024-01-20,533418.0,355549.0,5793814.0
2024-01-21,497659.0,376855.0,5851011.0
2024-01-22,689654.0,344950.0,6322079.0
2024-01-23,598312.0,360055.0,6129202.0
2024-01-24,629358.0,356152.0,6391025.0
2024-01-25,843495.0,408577.0,6404541.0
2024-01-26,598035.0,412736.0,6501889.0
2024-01-27,707442.0,444872.0,6288457.0
2024-01-28,598462.0,414584.0,5929046.0
2024-01-29,681660.0,393315.0,6173965.0
2024-01-30,603912.0,411914.0,6218788.0
2024-01-31,580698.0,378001.0,6367988.0
2024-02-01,634504.0,371748.0,5992616.0
2024-02-02,608813.0,381619.0,6090314.0
2024-02-03,554318.0,360422.0,5644874.0
2024-02-04,558812.0,378876.0,5713191.0
2024-02-05,579876.0,410668.0,6147993.0
2024-02-06,581596.0,366689.0,6139415.0
2024-02-07,643963.0,369554.0,6080531.0
2024-02-08,538085.0,328229.0,6004129.0
2024-02-09,678352.0,365488.0,5635804.0
2024-02-10,683571.0,346356.0,5373992.0
2024-02-11,573394.0,352940.0,5207354.0
2024-02-12,706274.0,322980.0,5424027.0
2024-02-13,583926.0,393389.0,5764880.0
2024-02-14,477842.0,413332.0,5933283.0
2024-02-15,584200.0,398258.0,6023954.0
2024-02-16,545207.0,401155.0,6002666.0
2024-02-17,583216.0,367989.0,5877223.0
2024-02-18,495288.0,363897.0,6242451.0
2024-02-19,602112.0,391419.0,6767309.0
2024-02-20,586812.0,390590.0,6816490.0
2024-02-21,518812.0,361376.0,6863690.0
2024-02-22,540895.0,346131.0,7483115.0
2024-02-23,651543.0,388529.0,6941704.0
2024-02-24,547234.0,384554.0,6239180.0
2024-02-25,626249.0,397864.0,6343737.0
2024-02-26,557343.0,416230.0,6780246.0
2024-02-27,535590.0,425047.0,7115078.0
2024-02-28,615511.0,427678.0,7420783.0
2024-02-29,565830.0,413578.0,7384608.0
2024-03-01,640013.0,419179.0,7168177.0
2024-03-02,502389.0,419896.0,7094992.0
2024-03-03,533107.0,416642.0,7292592.0
2024-03-04,518634.0,411245.0,7716894.0
2024-03-05,732475.0,425328.0,8783540.0
2024-03-06,550123.0,401166.0,9511410.0
2024-03-07,670882.0,421132.0,9238815.0
2024-03-08,582106.0,411178.0,9346567.0
2024-03-09,603589.0,399101.0,9532418.0
2024-03-10,548634.0,375364.0,9078128.0
2024-03-11,773854.0,432109.0,9356558.0
2024-03-12,677644.0,419952.0,8548100.0
2024-03-13,751813.0,443189.0,8138730.0
2024-03-14,635166.0,453839.0,10295534.0
2024-03-15,510598.0,486708.0,9703451.0
2024-03-16,608249.0,498513.0,9888611.0
2024-03-17,573447.0,458845.0,10431434.0
2024-03-18,564207.0,475037.0,10096222.0
2024-03-19,649752.0,508754.0,10102039.0
2024-03-20,626407.0,540905.0,9907325.0
2024-03-21,480762.0,505169.0,9740487.0
2024-03-22,550270.0,530545.0,9634235.0
2024-03-23,601958.0,533671.0,8637752.0
2024-03-24,638941.0,490564.0,9005982.0
2024-03-25,565075.0,487363.0,9671390.0
2024-03-26,504499.0,450204.0,9917659.0
2024-03-27,521351.0,430486.0,9765884.0
2024-03-28,595768.0,447209.0,10286991.0
2024-03-29,510906.0,480330.0,9861092.0
2024-03-30,541407.0,472852.0,9511972.0
2024-03-31,394073.0,465914.0,9920188.0
2024-04-01,609904.0,455201.0,10142642.0
2024-04-02,599586.0,413209.0,9338059.0
2024-04-03,577164.0,399254.0,9471204.0
2024-04-04,641552.0,428674.0,9408540.0
2024-04-05,635006.0,451903.0,9363494.0
2024-04-06,594697.0,461212.0,9275659.0
2024-04-07,555622.0,434288.0,9250625.0
2024-04-08,552055.0,435862.0,9752602.0
2024-04-09,549933.0,441260.0,9662869.0
2024-04-10,490131.0,417461.0,9619689.0
2024-04-11,402580.0,431686.0,9561026.0
2024-04-12,465820.0,486013.0,8993592.0
2024-04-13,514131.0,399757.0,9025374.0
2024-04-14,499398.0,402648.0,8253713.0
2024-04-15,475331.0,424241.0,8951907.0
2024-04-16,572316.0,438931.0,9330856.0
2024-04-17,440036.0,471521.0,9181525.0
2024-04-18,480074.0,457435.0,9279324.0
2024-04-19,477048.0,432817.0,8956772.0
2024-04-20,269856.0,439353.0,9248716.0
2024-04-21,312812.0,419762.0,8521344.0
2024-04-22,390840.0,403298.0,9556262.0
2024-04-23,296125.0,405343.0,9675723.0
2024-04-24,469539.0,376898.0,9757960.0
2024-04-25,435224.0,405067.0,9427140.0
2024-04-26,439477.0,426931.0,9425269.0
2024-04-27,456701.0,408514.0,9031163.0
2024-04-28,450905.0,416023.0,9146775.0
2024-04-29,500212.0,467126.0,9594954.0
2024-04-30,484145.0,475669.0,9921621.0
2024-05-01,461708.0,442969.0,9289627.0
2024-05-02,471920.0,453695.0,9432126.0
2024-05-03,435928.0,424875.0,9476127.0
2024-05-04,364692.0,436791.0,9121468.0
2024-05-05,366006.0,448391.0,9083487.0
2024-05-06,402630.0,440656.0,10377918.0
2024-05-07,450083.0,441223.0,9825815.0
2024-05-08,446401.0,425383.0,9605463.0
2024-05-09,430860.0,414410.0,9875632.0
2024-05-10,345374.0,434606.0,10024041.0
2024-05-11,377994.0,421957.0,9473155.0
2024-05-12,364795.0,394113.0,9573355.0
2024-05-13,489803.0,387352.0,10201697.0
2024-05-14,454901.0,390242.0,10010464.0
2024-05-15,462137.0,393004.0,9607045.0
2024-05-16,437732.0,398979.0,9683513.0
2024-05-17,479083.0,390883.0,9882497.0
2024-05-18,405906.0,434446.0,9880695.0
2024-05-19,434811.0,374849.0,9687467.0
2024-05-20,453098.0,374562.0,10387072.0
2024-05-21,483831.0,413617.0,10707882.0
2024-05-22,465086.0,407367.0,10840824.0
2024-05-23,461318.0,381336.0,10427115.0
2024-05-24,407540.0,384057.0,10275782.0
2024-05-25,354698.0,432672.0,9713229.0
2024-05-26,327241.0,395820.0,8899647.0
2024-05-27,370245.0,377910.0,10028912.0
2024-05-28,418028.0,343569.0,10771058.0
2024-05-29,300141.0,381529.0,11030976.0
2024-05-30,369293.0,367255.0,10954691.0
2024-05-31,375686.0,383703.0,10682748.0
2024-06-01,312292.0,351736.0,10544085.0
2024-06-02,316202.0,325627.0,10524808.0
2024-06-03,403050.0,352165.0,10195948.0
2024-06-04,370433.0,379468.0,9638536.0
2024-06-05,313703.0,362292.0,9779611.0
2024-06-06,337387.0,345520.0,9862536.0
2024-06-07,287710.0,371611.0,9664929.0
2024-06-08,418217.0,387877.0,10121631.0
2024-06-09,368041.0,382170.0,8972911.0
2024-06-10,408564.0,374927.0,9161189.0
2024-06-11,439687.0,370042.0,9594393.0
2024-06-12,417075.0,404173.0,9629684.0
2024-06-13,353434.0,409533.0,9533761.0
2024-06-14,318385.0,394291.0,9780968.0
2024-06-15,396860.0,394421.0,8973538.0
2024-06-16,532330.0,384854.0,8510007.0
2024-06-17,505608.0,380192.0,9166640.0
2024-06-18,486308.0,361914.0,9016907.0
2024-06-19,374033.0,379721.0,9020725.0
2024-06-20,421534.0,372478.0,9332335.0
2024-06-21,452599.0,504286.0,10138401.0
2024-06-22,426420.0,605830.0,9941440.0
2024-06-23,333036.0,395835.0,10093477.0
2024-06-24,511563.0,395195.0,10491416.0
2024-06-25,412239.0,429276.0,10533650.0
2024-06-26,397398.0,487756.0,10757597.0
2024-06-27,499622.0,418053.0,11097726.0
2024-06-28,485576.0,415270.0,11221984.0
2024-06-29,486585.0,466774.0,10726152.0
2024-06-30,455919.0,403551.0,10629481.0
2024-07-01,624289.0,387149.0,11112828.0
2024-07-02,514566.0,379941.0,10903067.0
2024-07-03,507628.0,352177.0,10568315.0
2024-07-04,462613.0,429707.0,10575551.0
2024-07-05,421965.0,431881.0,10451533.0
2024-07-06,485069.0,428908.0,10212559.0
2024-07-07,400351.0,352406.0,10744512.0
2024-07-08,490954.0,397345.0,11084633.0
2024-07-09,491451.0,400845.0,11053470.0
2024-07-10,410581.0,404721.0,11264810.0
2024-07-11,410096.0,414409.0,11615058.0
2024-07-12,461918.0,439613.0,11029810.0
2024-07-13,381426.0,419966.0,11019260.0
2024-07-14,533069.0,361787.0,11560786.0
2024-07-15,545363.0,376349.0,13387279.0
2024-07-16,502757.0,362787.0,13123905.0
2024-07-17,495607.0,336333.0,13445604.0
2024-07-18,515443.0,351184.0,13373844.0
2024-07-19,504082.0,356484.0,11657093.0
2024-07-20,477833.0,372296.0,11396305.0
2024-07-21,395789.0,348795.0,11446020.0
2024-07-22,495771.0,349881.0,11892422.0
2024-07-23,417384.0,375655.0,12202887.0
2024-07-24,452210.0,360611.0,12350680.0
2024-07-25,454462.0,350583.0,12399135.0
2024-07-26,429175.0,376348.0,11793753.0
2024-07-27,452318.0,345528.0,11427451.0
2024-07-28,365539.0,366328.0,11751039.0
2024-07-29,517621.0,348921.0,12705310.0
2024-07-30,417304.0,364430.0,13295147.0
2024-07-31,489427.0,361628.0,11498560.0
2024-08-01,486515.0,321976.0,12924987.0
2024-08-02,482122.0,322770.0,12400718.0
2024-08-03,468481.0,401927.0,11800963.0
2024-08-04,438357.0,370958.0,11682380.0
2024-08-05,511362.0,326031.0,12310546.0
2024-08-06,479740.0,365759.0,12275333.0
2024-08-07,478802.0,359727.0,12293217.0
2024-08-08,470635.0,318022.0,12538339.0
2024-08-09,449825.0,340290.0,12317010.0
2024-08-10,392672.0,386652.0,12266067.0
2024-08-11,433464.0,322414.0,12413010.0
2024-08-12,494898.0,294425.0,13827050.0
2024-08-13,479731.0,332829.0,13606540.0
2024-08-14,434643.0,518637.0,13564632.0
2024-08-15,473999.0,483192.0,14208196.0
2024-08-16,458265.0,392283.0,14177745.0
2024-08-17,383643.0,361262.0,13840979.0
2024-08-18,348472.0,355336.0,13559027.0
2024-08-19,458679.0,320566.0,14540002.0
2024-08-20,431622.0,327198.0,15724459.0
2024-08-21,449890.0,351851.0,15043738.0
2024-08-22,470840.0,352224.0,14707307.0
2024-08-23,454530.0,368667.0,14268488.0
2024-08-24,379509.0,396752.0,14811233.0
2024-08-25,335303.0,311604.0,16377225.0
2024-08-26,443871.0,371859.0,16153987.0
2024-08-27,451919.0,373044.0,15716480.0
2024-08-28,499249.0,357438.0,16124434.0
2024-08-29,464028.0,387543.0,16130928.0
2024-08-30,565015.0,385208.0,17948437.0
2024-08-31,426028.0,347563.0,15131358.0
2024-09-01,425550.0,332969.0,13092628.0
2024-09-02,467095.0,342425.0,15387979.0
2024-09-03,450821.0,351022.0,15257170.0
2024-09-04,450289.0,328923.0,16128648.0
2024-09-05,468678.0,331972.0,15718562.0
2024-09-06,454093.0,343696.0,17273711.0
2024-09-07,386707.0,346559.0,16432155.0
2024-09-08,367940.0,371598.0,15184669.0
2024-09-09,506267.0,363442.0,17589676.0
2024-09-10,475057.0,360837.0,18556707.0
2024-09-11,419073.0,396298.0,16658218.0
2024-09-12,512626.0,369194.0,17861689.0
2024-09-13,530303.0,365014.0,16542463.0
2024-09-14,419522.0,366327.0,16142174.0
2024-09-15,444417.0,371909.0,15442436.0
2024-09-16,468064.0,313637.0,15939554.0
2024-09-17,514624.0,348960.0,16153483.0
2024-09-18,468265.0,308572.0,16246413.0
2024-09-19,486831.0,307702.0,16085701.0
2024-09-20,557978.0,303797.0,16183067.0
2024-09-21,438369.0,284497.0,14700351.0
2024-09-22,379433.0,283568.0,14226540.0
2024-09-23,547031.0,293165.0,15434675.0
2024-09-24,506865.0,303539.0,15150531.0
2024-09-25,477862.0,315843.0,16016695.0
2024-09-26,472296.0,320579.0,18379886.0
2024-09-27,489656.0,367157.0,17371644.0
2024-09-28,406281.0,363739.0,16202399.0
2024-09-29,447587.0,353096.0,15750497.0
2024-09-30,475080.0,367325.0,15893201.0
2024-10-01,512596.0,432634.0,14954207.0
2024-10-02,472006.0,361605.0,14260934.0
2024-10-03,478411.0,369780.0,15416656.0
2024-10-04,502092.0,349202.0,15896152.0
2024-10-05,366558.0,324597.0,12633952.0
2024-10-06,389071.0,298266.0,14705539.0
2024-10-07,456301.0,322324.0,15660602.0
2024-10-08,547194.0,321422.0,16175286.0
2024-10-09,425921.0,364804.0,16090531.0
2024-10-10,444579.0,338327.0,15794442.0
2024-10-11,438874.0,375207.0,16591448.0
2024-10-12,345395.0,362777.0,16049821.0
2024-10-13,378604.0,301154.0,14835220.0
2024-10-14,467783.0,359701.0,17337144.0
2024-10-15,540294.0,388420.0,15985350.0
2024-10-16,380830.0,362418.0,16691809.0
2024-10-17,507088.0,421733.0,16010843.0
2024-10-18,476466.0,431180.0,16554765.0
2024-10-19,452534.0,449634.0,16593320.0
2024-10-20,467607.0,403109.0,14387355.0
2024-10-21,471005.0,411667.0,17425725.0
2024-10-22,375464.0,395428.0,19864268.0
2024-10-23,477504.0,387942.0,17219935.0
2024-10-24,428491.0,363974.0,15206148.0
2024-10-25,560790.0,370975.0,16502305.0
2024-10-26,490480.0,361264.0,15725488.0
2024-10-27,442259.0,316064.0,14779039.0
2024-10-28,532575.0,332444.0,17285272.0
2024-10-29,551072.0,397885.0,18799008.0
2024-10-30,519698.0,323347.0,18051956.0
2024-10-31,523213.0,338795.0,16105930.0
2024-11-01,540822.0,350482.0,15811338.0
2024-11-02,447550.0,346733.0,15656613.0
2024-11-03,415353.0,375653.0,15464083.0
2024-11-04,554685.0,346555.0,16658455.0
2024-11-05,510784.0,350607.0,17687727.0
2024-11-06,607978.0,358806.0,17212359.0
2024-11-07,541727.0,389903.0,16718607.0
2024-11-08,546456.0,402295.0,16353199.0
2024-11-09,413566.0,365843.0,14683319.0
2024-11-10,505987.0,380981.0,16236991.0
2024-11-11,588796.0,414035.0,17571199.0
2024-11-12,630768.0,405279.0,17417153.0
2024-11-13,499181.0,389795.0,17048220.0
2024-11-14,503544.0,406439.0,17484918.0
2024-11-15,581281.0,407477.0,17266817.0
2024-11-16,535301.0,412193.0,18640835.0
2024-11-17,448535.0,405699.0,16492559.0
2024-11-18,524655.0,399100.0,18716616.0
2024-11-19,487314.0,394670.0,18615704.0
2024-11-20,473294.0,424094.0,17403078.0
2024-11-21,625755.0,425423.0,18480329.0
2024-11-22,545854.0,437666.0,17315402.0
2024-11-23,578157.0,423168.0,17233380.0
2024-11-24,524228.0,399237.0,16738680.0
2024-11-25,647490.0,438341.0,18198486.0
2024-11-26,510976.0,421249.0,18091930.0
2024-11-27,515821.0,443263.0,19314907.0
2024-11-28,471429.0,445203.0,19195902.0
2024-11-29,481832.0,440921.0,17527478.0
2024-11-30,527079.0,413079.0,16631752.0
2024-12-01,442014.0,403214.0,16694802.0
2024-12-02,623315.0,431039.0,18184598.0
2024-12-03,598187.0,437831.0,18940889.0
2024-12-04,598254.0,435607.0,17946178.0
2024-12-05,615175.0,450227.0,17994898.0
2024-12-06,573866.0,436788.0,17250584.0
2024-12-07,507333.0,432034.0,17342895.0
2024-12-08,583229.0,419729.0,16548301.0
2024-12-09,644439.0,415724.0,16373536.0
2024-12-10,664004.0,457183.0,16122265.0
2024-12-11,518800.0,442658.0,17217556.0
2024-12-12,583518.0,466232.0,16190625.0
2024-12-13,620544.0,444427.0,16712488.0
2024-12-14,501773.0,432311.0,16044320.0
2024-12-15,494374.0,420775.0,14673351.0
2024-12-16,645732.0,425848.0,16924578.0
2024-12-17,529699.0,466179.0,17649801.0
2024-12-18,584970.0,441022.0,16476292.0
2024-12-19,568694.0,430169.0,16136283.0
2024-12-20,584899.0,458225.0,16121130.0
2024-12-21,485429.0,459244.0,14981390.0
2024-12-22,530934.0,468360.0,14074401.0
2024-12-23,541118.0,487222.0,15335415.0
2024-12-24,524955.0,480300.0,14944540.0
2024-12-25,470393.0,443433.0,14346625.0
2024-12-26,505224.0,414363.0,15816763.0
2024-12-27,583176.0,424453.0,15407996.0
2024-12-28,478861.0,402010.0,15101092.0
2024-12-29,466915.0,410745.0,14917261.0
2024-12-30,572778.0,419922.0,15994774.0
2024-12-31,514663.0,414330.0,16076928.0
2025-01-01,445389.0,320347.0,14925368.0
2025-01-02,550243.0,365824.0,15293216.0
2025-01-03,501092.0,413779.0,15208542.0
2025-01-04,449141.0,382840.0,15580527.0
2025-01-05,446214.0,376373.0,14954148.0
2025-01-06,495954.0,384259.0,16733558.0
2025-01-07,514562.0,396297.0,16594678.0
2025-01-08,495852.0,382625.0,16351950.0
2025-01-09,490122.0,397342.0,17809923.0
2025-01-10,532496.0,391017.0,17058134.0
2025-01-11,423840.0,381070.0,15954792.0
2025-01-12,474245.0,368090.0,15647019.0
2025-01-13,478727.0,420565.0,15918524.0
2025-01-14,524970.0,445092.0,16631196.0
2025-01-15,522562.0,422904.0,16822459.0
2025-01-16,513891.0,421798.0,16861286.0
2025-01-17,552000.0,409442.0,16542182.0
2025-01-18,452482.0,385192.0,17255186.0
2025-01-19,498517.0,413671.0,18363942.0
2025-01-20,512486.0,456833.0,17771894.0
2025-01-21,580726.0,430994.0,16066104.0
2025-01-22,553911.0,428340.0,16167747.0
2025-01-23,535203.0,444013.0,16190152.0
2025-01-24,501848.0,472994.0,16311134.0
2025-01-25,457185.0,553925.0,15404004.0
2025-01-26,409166.0,433468.0,15093164.0
2025-01-27,540602.0,412083.0,16233827.0
2025-01-28,482504.0,408357.0,16220900.0
2025-01-29,488820.0,395629.0,16011545.0
2025-01-30,511773.0,408250.0,15609039.0
2025-01-31,468830.0,390866.0,14701737.0
2025-02-01,494815.0,357216.0,14032817.0
2025-02-02,514072.0,341752.0,14364044.0
2025-02-03,583561.0,369775.0,15509781.0
2025-02-04,536326.0,409332.0,14847793.0
2025-02-05,514296.0,391264.0,14412226.0
2025-02-06,502315.0,465375.0,14870648.0
2025-02-07,505625.0,464200.0,13907493.0
2025-02-08,416845.0,408729.0,13336677.0
2025-02-09,412995.0,385017.0,14410327.0
2025-02-10,532078.0,500545.0,14756679.0
2025-02-11,547890.0,426634.0,14793822.0
2025-02-12,477128.0,418389.0,13999492.0
2025-02-13,490463.0,421349.0,14822912.0
2025-02-14,489427.0,452967.0,13587303.0
2025-02-15,412849.0,366551.0,12298417.0
2025-02-16,376251.0,389431.0,12318036.0
2025-02-17,503791.0,471445.0,13969063.0
2025-02-18,525209.0,428258.0,13556923.0
2025-02-19,427653.0,405739.0,14676136.0
2025-02-20,450435.0,451067.0,14546254.0
2025-02-21,442493.0,446330.0,13565907.0
2025-02-22,403680.0,366125.0,12132135.0
2025-02-23,278612.0,391025.0,11784534.0
2025-02-24,443322.0,440661.0,13392516.0
2025-02-25,529798.0,438834.0,13288421.0
2025-02-26,549340.0,408893.0,12584663.0
2025-02-27,617240.0,409440.0,14064371.0
2025-02-28,605294.0,411071.0,13443655.0
2025-03-01,572009.0,356190.0,11415209.0
2025-03-02,434717.0,334947.0,12619105.0
2025-03-03,553963.0,412369.0,12577698.0
2025-03-04,480825.0,414727.0,12788703.0
2025-03-05,496072.0,414027.0,11760880.0
2025-03-06,559818.0,448969.0,12056878.0
2025-03-07,614005.0,396118.0,13172465.0
2025-03-08,450898.0,342903.0,11702074.0
2025-03-09,452310.0,342109.0,11524248.0
2025-03-10,546981.0,394804.0,12205917.0
2025-03-11,521351.0,420960.0,12224212.0
